37282,31623,33735,32532,34204,37400,32652,34456,34794,36984,33057,30942
36220,31975,33519,32719,34204,37400,32652,34456,34794,36984,33057,30942
35272,32551,33303,32796,34204,37400,32652,34456,34794,36984,33057,30942
34384,32647,32859,32903,34204,37400,32652,34456,34794,36984,33057,30942
33777,32244,32647,32965,34204,37400,32652,34456,34794,36984,33057,30942
33157,31785,32647,32884,34204,37400,32652,34456,34794,36984,33057,30942
32644,31693,32411,32853,34204,37400,32652,34456,34794,36984,33057,30942
32274,32081,32286,32967,34204,37400,32652,34456,34794,36984,33057,30942
31944,32464,32340,32999,34272,37414,32589,34600,34792,37024,32952,30804
19326,34237,21550,35308,34272,37414,32589,34600,34792,37024,32952,30804
18258,34710,24172,35549,34272,37414,32589,34600,34792,37024,32952,30804
22346,33321,30523,34921,34272,37414,32589,34600,34792,37024,32952,30804
25717,32356,35281,34236,34272,37414,32589,34600,34792,37024,32952,30804
32632,32318,41209,28268,34272,37414,32589,34600,34792,37024,32952,30804
45316,32749,36093,31779,34272,37414,32589,34600,34792,37024,32952,30804
35792,33020,35101,31602,34272,37414,32589,34600,34792,37024,32952,30804
39764,33265,34771,32141,34272,37414,32589,34600,34792,37024,32952,30804
38365,33287,34119,32695,34272,37414,32589,34600,34792,37024,32952,30804
37398,33247,33611,32765,34312,37440,32420,34564,34832,37042,33004,30752
36629,32863,33585,32853,34312,37440,32420,34564,34832,37042,33004,30752
35857,33053,33159,32951,34312,37440,32420,34564,34832,37042,33004,30752
35067,33204,33171,32843,34312,37440,32420,34564,34832,37042,33004,30752
34281,32789,32974,32796,34312,37440,32420,34564,34832,37042,33004,30752
33698,32374,32829,32860,34312,37440,32420,34564,34832,37042,33004,30752
33230,32391,32879,32962,34312,37440,32420,34564,34832,37042,33004,30752
32829,32242,32541,33065,34312,37440,32420,34564,34832,37042,33004,30752
32563,31953,32623,33139,34312,37440,32420,34564,34832,37042,33004,30752
32286,32610,32487,33092,34312,37440,32420,34564,34832,37042,33004,30752
31811,32833,32215,33063,34352,37452,32288,34344,34770,37056,32984,30778
31599,32903,32169,32983,34352,37452,32288,34344,34770,37056,32984,30778
31603,32960,31994,32894,34352,37452,32288,34344,34770,37056,32984,30778
31665,32493,32096,32867,34352,37452,32288,34344,34770,37056,32984,30778
31794,32242,32097,32889,34352,37452,32288,34344,34770,37056,32984,30778
31929,32375,32171,32866,34352,37452,32288,34344,34770,37056,32984,30778
32051,32455,32797,32870,34352,37452,32288,34344,34770,37056,32984,30778
32111,32804,32831,32910,34352,37452,32288,34344,34770,37056,32984,30778
32184,32895,32483,32951,34352,37452,32288,34344,34770,37056,32984,30778
32320,32903,32541,32941,34352,37452,32288,34344,34770,37056,32984,30778
32349,33181,32447,32954,34400,37432,32458,34504,34768,37018,33044,30684
32637,33148,32677,32947,34400,37432,32458,34504,34768,37018,33044,30684
32675,33483,32565,33031,34400,37432,32458,34504,34768,37018,33044,30684
32538,33426,32827,33025,34400,37432,32458,34504,34768,37018,33044,30684
32431,33313,32679,33014,34400,37432,32458,34504,34768,37018,33044,30684
32268,32981,32671,32995,34400,37432,32458,34504,34768,37018,33044,30684
32216,32775,32756,32871,34400,37432,32458,34504,34768,37018,33044,30684
32194,32509,32576,32903,34400,37432,32458,34504,34768,37018,33044,30684
32156,31469,32630,32854,34400,37432,32458,34504,34768,37018,33044,30684
32153,31773,32391,32959,34400,37432,32458,34504,34768,37018,33044,30684
32104,32167,32503,32871,34405,37348,32408,34444,34809,36976,33106,30572
32093,32295,32345,32921,34405,37348,32408,34444,34809,36976,33106,30572
32120,32258,32327,32867,34405,37348,32408,34444,34809,36976,33106,30572
32038,32367,32517,32789,34405,37348,32408,34444,34809,36976,33106,30572
31702,32551,32327,32772,34405,37348,32408,34444,34809,36976,33106,30572
32052,32995,32369,32785,34405,37348,32408,34444,34809,36976,33106,30572
32544,33215,32663,32834,34405,37348,32408,34444,34809,36976,33106,30572
32898,33356,32519,32831,34405,37348,32408,34444,34809,36976,33106,30572
32932,33508,32839,32873,34405,37348,32408,34444,34809,36976,33106,30572
32843,33123,32740,32957,34405,37348,32408,34444,34809,36976,33106,30572
32813,32135,32847,32967,34456,37236,32147,34216,34816,36914,33116,30500
33083,32275,32945,33060,34456,37236,32147,34216,34816,36914,33116,30500
33056,32775,32966,33110,34456,37236,32147,34216,34816,36914,33116,30500
33192,33031,33209,33053,34456,37236,32147,34216,34816,36914,33116,30500
33085,33082,33062,32943,34456,37236,32147,34216,34816,36914,33116,30500
32898,33088,33135,33025,34456,37236,32147,34216,34816,36914,33116,30500
32864,33063,33158,33007,34456,37236,32147,34216,34816,36914,33116,30500
32720,32929,32824,33006,34456,37236,32147,34216,34816,36914,33116,30500
32505,32659,32939,32919,34456,37236,32147,34216,34816,36914,33116,30500
32302,32595,32839,32903,34456,37236,32147,34216,34816,36914,33116,30500
32114,32607,32630,32913,34432,37170,32012,34315,34876,36896,33029,30330
32073,32433,32555,32941,34432,37170,32012,34315,34876,36896,33029,30330
32172,32471,32294,32845,34432,37170,32012,34315,34876,36896,33029,30330
31861,32438,32441,32889,34432,37170,32012,34315,34876,36896,33029,30330
31787,32583,32292,32988,34432,37170,32012,34315,34876,36896,33029,30330
32384,32707,32518,32953,34432,37170,32012,34315,34876,36896,33029,30330
32788,32823,32684,32694,34432,37170,32012,34315,34876,36896,33029,30330
32939,32843,32558,32509,34432,37170,32012,34315,34876,36896,33029,30330
33148,32897,32772,32637,34432,37170,32012,34315,34876,36896,33029,30330
33268,32944,32854,32747,34432,37170,32012,34315,34876,36896,33029,30330
33286,32918,32823,32809,34440,37156,31960,34320,34856,36934,32872,30268
33376,32997,33071,32943,34440,37156,31960,34320,34856,36934,32872,30268
33378,33159,32987,33091,34440,37156,31960,34320,34856,36934,32872,30268
33227,33078,32939,33132,34440,37156,31960,34320,34856,36934,32872,30268
33120,33007,33108,33091,34440,37156,31960,34320,34856,36934,32872,30268
32871,33004,32903,33067,34440,37156,31960,34320,34856,36934,32872,30268
32737,32843,32871,33018,34440,37156,31960,34320,34856,36934,32872,30268
32751,32567,32871,32973,34440,37156,31960,34320,34856,36934,32872,30268
32748,32594,32592,32813,34440,37156,31960,34320,34856,36934,32872,30268
32589,32555,32626,32817,34440,37156,31960,34320,34856,36934,32872,30268
32461,32481,32545,32957,34520,37208,31920,34196,34864,37020,32828,30160
32312,32409,32423,32903,34520,37208,31920,34196,34864,37020,32828,30160
32263,32279,32671,32675,34520,37208,31920,34196,34864,37020,32828,30160
32369,32486,32583,32495,34520,37208,31920,34196,34864,37020,32828,30160
32484,32622,32527,32263,34520,37208,31920,34196,34864,37020,32828,30160
32525,32665,32603,32485,34520,37208,31920,34196,34864,37020,32828,30160
32544,32751,32534,32846,34520,37208,31920,34196,34864,37020,32828,30160
32585,32786,32775,33138,34520,37208,31920,34196,34864,37020,32828,30160
32696,32929,32909,34055,34520,37208,31920,34196,34864,37020,32828,30160
32952,32931,32733,33543,34520,37208,31920,34196,34864,37020,32828,30160
33234,32893,32967,33075,34656,37156,31802,34164,34792,37064,32912,30056
33413,33057,33026,32799,34656,37156,31802,34164,34792,37064,32912,30056
33496,33099,33199,32836,34656,37156,31802,34164,34792,37064,32912,30056
33467,33052,33094,32921,34656,37156,31802,34164,34792,37064,32912,30056
33344,33026,33025,32883,34656,37156,31802,34164,34792,37064,32912,30056
32988,32935,33092,32991,34656,37156,31802,34164,34792,37064,32912,30056
32664,32758,32733,32959,34656,37156,31802,34164,34792,37064,32912,30056
32412,32699,32877,32944,34656,37156,31802,34164,34792,37064,32912,30056
32317,32557,32866,33007,34656,37156,31802,34164,34792,37064,32912,30056
32132,32587,32556,32925,34656,37156,31802,34164,34792,37064,32912,30056
31877,32443,32519,32826,34546,37041,31556,34044,34740,36996,33088,29920
31724,32447,32293,32795,34546,37041,31556,34044,34740,36996,33088,29920
31954,32413,32375,32556,34546,37041,31556,34044,34740,36996,33088,29920
32032,32327,32371,32415,34546,37041,31556,34044,34740,36996,33088,29920
32416,32519,32403,32893,34546,37041,31556,34044,34740,36996,33088,29920
32903,32717,32599,32940,34546,37041,31556,34044,34740,36996,33088,29920
33101,32775,32487,32997,34546,37041,31556,34044,34740,36996,33088,29920
33088,32898,32775,32863,34546,37041,31556,34044,34740,36996,33088,29920
33170,32887,32707,32700,34546,37041,31556,34044,34740,36996,33088,29920
33308,33004,32909,32811,34546,37041,31556,34044,34740,36996,33088,29920
33276,33159,33063,32868,34476,37040,31789,34024,34696,36864,33186,29778
33437,33235,32965,32943,34476,37040,31789,34024,34696,36864,33186,29778
33330,33180,33187,32969,34476,37040,31789,34024,34696,36864,33186,29778
33172,32851,33051,33011,34476,37040,31789,34024,34696,36864,33186,29778
32963,32743,33159,33005,34476,37040,31789,34024,34696,36864,33186,29778
32836,32807,32927,32957,34476,37040,31789,34024,34696,36864,33186,29778
32717,32863,32929,32927,34476,37040,31789,34024,34696,36864,33186,29778
32598,32864,32925,32919,34476,37040,31789,34024,34696,36864,33186,29778
32410,32669,32583,32882,34476,37040,31789,34024,34696,36864,33186,29778
32386,32503,32735,32939,34476,37040,31789,34024,34696,36864,33186,29778
32246,32498,32555,32815,34420,36892,31776,33858,34747,36890,33402,29661
32123,32318,32487,32807,34420,36892,31776,33858,34747,36890,33402,29661
32164,32275,32519,32807,34420,36892,31776,33858,34747,36890,33402,29661
32347,32327,32438,32855,34420,36892,31776,33858,34747,36890,33402,29661
32465,32583,32611,32871,34420,36892,31776,33858,34747,36890,33402,29661
32722,32829,32510,32877,34420,36892,31776,33858,34747,36890,33402,29661
32898,32878,32670,32854,34420,36892,31776,33858,34747,36890,33402,29661
33061,33016,32818,32839,34420,36892,31776,33858,34747,36890,33402,29661
33154,33099,32811,32927,34420,36892,31776,33858,34747,36890,33402,29661
33232,33007,32991,32933,34420,36892,31776,33858,34747,36890,33402,29661
33332,32871,33024,32939,34493,36844,31914,33952,34760,37005,33505,29504
33437,33051,32880,32982,34493,36844,31914,33952,34760,37005,33505,29504
33356,33105,33115,32945,34493,36844,31914,33952,34760,37005,33505,29504
33171,33079,33127,33007,34493,36844,31914,33952,34760,37005,33505,29504
32982,32972,32831,33067,34493,36844,31914,33952,34760,37005,33505,29504
32874,32855,32921,33056,34493,36844,31914,33952,34760,37005,33505,29504
32687,32799,32939,32893,34493,36844,31914,33952,34760,37005,33505,29504
32573,32677,32611,32790,34493,36844,31914,33952,34760,37005,33505,29504
32533,32495,32711,32647,34493,36844,31914,33952,34760,37005,33505,29504
32548,32442,32413,32802,34493,36844,31914,33952,34760,37005,33505,29504
32477,32477,32583,32738,34460,37065,32060,33896,34576,37040,33712,29354
32373,32519,32672,33223,34460,37065,32060,33896,34576,37040,33712,29354
32352,32373,32647,33054,34460,37065,32060,33896,34576,37040,33712,29354
32434,32295,32528,32958,34460,37065,32060,33896,34576,37040,33712,29354
32313,32406,32329,32815,34460,37065,32060,33896,34576,37040,33712,29354
32048,32553,32531,32838,34460,37065,32060,33896,34576,37040,33712,29354
32300,32735,32525,32847,34460,37065,32060,33896,34576,37040,33712,29354
32820,32883,32603,32855,34460,37065,32060,33896,34576,37040,33712,29354
33073,32901,32876,32599,34460,37065,32060,33896,34576,37040,33712,29354
33006,33020,32790,32362,34460,37065,32060,33896,34576,37040,33712,29354
33016,32994,32944,32402,34426,37154,32442,33740,34362,37000,34032,29200
33173,33179,32935,32423,34426,37154,32442,33740,34362,37000,34032,29200
33326,33271,32973,32604,34426,37154,32442,33740,34362,37000,34032,29200
33159,33069,33031,33661,34426,37154,32442,33740,34362,37000,34032,29200
32978,33063,33064,33967,34426,37154,32442,33740,34362,37000,34032,29200
32784,32913,33083,33232,34426,37154,32442,33740,34362,37000,34032,29200
32741,32647,32848,33028,34426,37154,32442,33740,34362,37000,34032,29200
32646,32659,32919,33020,34426,37154,32442,33740,34362,37000,34032,29200
32621,32538,32699,33018,34426,37154,32442,33740,34362,37000,34032,29200
32455,32455,32732,33069,34426,37154,32442,33740,34362,37000,34032,29200
32328,32455,32487,33085,34413,37112,32728,33744,34292,36904,34212,29064
32084,32273,32367,33743,34413,37112,32728,33744,34292,36904,34212,29064
32109,32399,32471,33461,34413,37112,32728,33744,34292,36904,34212,29064
32263,32391,32414,32349,34413,37112,32728,33744,34292,36904,34212,29064
32377,32461,32562,31743,34413,37112,32728,33744,34292,36904,34212,29064
31641,32538,32382,32189,34413,37112,32728,33744,34292,36904,34212,29064
30148,32653,32608,32440,34413,37112,32728,33744,34292,36904,34212,29064
35053,33028,32702,32791,34413,37112,32728,33744,34292,36904,34212,29064
33596,33019,32761,33059,34413,37112,32728,33744,34292,36904,34212,29064
33535,33023,32986,33119,34413,37112,32728,33744,34292,36904,34212,29064
33648,32901,32879,33110,34296,37100,32708,33624,34368,36932,34272,28904
33746,33543,33101,33104,34296,37100,32708,33624,34368,36932,34272,28904
33650,33395,33103,33095,34296,37100,32708,33624,34368,36932,34272,28904
33404,32263,32949,32941,34296,37100,32708,33624,34368,36932,34272,28904
33161,31571,33055,32937,34296,37100,32708,33624,34368,36932,34272,28904
32927,31725,32807,32852,34296,37100,32708,33624,34368,36932,34272,28904
32620,31937,32829,32833,34296,37100,32708,33624,34368,36932,34272,28904
32421,34516,32592,32993,34296,37100,32708,33624,34368,36932,34272,28904
32481,36471,32727,32921,34296,37100,32708,33624,34368,36932,34272,28904
32664,35677,32759,32848,34296,37100,32708,33624,34368,36932,34272,28904
29432,34232,30136,33483,34149,37048,32576,33668,34460,36888,34284,28744
17023,32816,19340,35766,34149,37048,32576,33668,34460,36888,34284,28744
20697,32967,22399,35065,34149,37048,32576,33668,34460,36888,34284,28744
24750,31302,30158,34357,34149,37048,32576,33668,34460,36888,34284,28744
27868,31706,34789,33722,34149,37048,32576,33668,34460,36888,34284,28744
30200,31546,36882,33255,34149,37048,32576,33668,34460,36888,34284,28744
32008,28235,39628,31876,34149,37048,32576,33668,34460,36888,34284,28744
35264,29509,41184,27926,34149,37048,32576,33668,34460,36888,34284,28744
46471,31981,37264,31232,34149,37048,32576,33668,34460,36888,34284,28744
41800,32679,36046,31933,34149,37048,32576,33668,34460,36888,34284,28744
40416,33451,35122,32063,34048,36960,32456,33648,34458,36965,34168,28592
39230,34637,34686,32263,34048,36960,32456,33648,34458,36965,34168,28592
38141,34399,34087,32470,34048,36960,32456,33648,34458,36965,34168,28592
37116,33266,33604,32543,34048,36960,32456,33648,34458,36965,34168,28592
36112,32619,33430,32623,34048,36960,32456,33648,34458,36965,34168,28592
35220,33263,32973,32739,34048,36960,32456,33648,34458,36965,34168,28592
34540,33214,32978,32830,34048,36960,32456,33648,34458,36965,34168,28592
34002,32764,32743,32761,34048,36960,32456,33648,34458,36965,34168,28592
33397,32991,32743,32850,34048,36960,32456,33648,34458,36965,34168,28592
32943,32981,32807,32891,34048,36960,32456,33648,34458,36965,34168,28592
32418,32680,32406,32861,33970,37095,32372,33572,34424,37024,34116,28434
19717,31444,19967,35573,33970,37095,32372,33572,34424,37024,34116,28434
21208,32403,21297,35238,33970,37095,32372,33572,34424,37024,34116,28434
24672,32692,28796,34596,33970,37095,32372,33572,34424,37024,34116,28434
27474,32697,33725,33996,33970,37095,32372,33572,34424,37024,34116,28434
29541,32785,36175,33496,33970,37095,32372,33572,34424,37024,34116,28434
31122,32993,38613,31016,33970,37095,32372,33572,34424,37024,34116,28434
34728,32922,40277,28598,33970,37095,32372,33572,34424,37024,34116,28434
43448,32697,36930,31768,33970,37095,32372,33572,34424,37024,34116,28434
39961,32593,35306,32215,33970,37095,32372,33572,34424,37024,34116,28434
38892,32967,34836,32372,33962,37240,32296,33420,34330,36994,34092,28256
37860,33631,34125,32551,33962,37240,32296,33420,34330,36994,34092,28256
36825,32242,33873,32700,33962,37240,32296,33420,34330,36994,34092,28256
35918,32213,33277,32729,33962,37240,32296,33420,34330,36994,34092,28256
35248,33252,32895,32795,33962,37240,32296,33420,34330,36994,34092,28256
34466,34025,32819,32883,33962,37240,32296,33420,34330,36994,34092,28256
33701,33503,32493,32975,33962,37240,32296,33420,34330,36994,34092,28256
33082,32675,32396,32979,33962,37240,32296,33420,34330,36994,34092,28256
32305,32425,32391,32883,33962,37240,32296,33420,34330,36994,34092,28256
31891,31214,32263,32912,33962,37240,32296,33420,34330,36994,34092,28256
31741,32135,32315,32991,33956,37194,32118,33474,34201,37076,33940,28096
24800,32504,25028,34648,33956,37194,32118,33474,34201,37076,33940,28096
20581,32250,21623,35510,33956,37194,32118,33474,34201,37076,33940,28096
23877,32591,29015,34842,33956,37194,32118,33474,34201,37076,33940,28096
26708,32671,33792,34272,33956,37194,32118,33474,34201,37076,33940,28096
28916,32807,36441,33095,33956,37194,32118,33474,34201,37076,33940,28096
31924,32946,40356,27336,33956,37194,32118,33474,34201,37076,33940,28096
43442,33046,36273,31635,33956,37194,32118,33474,34201,37076,33940,28096
38924,32960,34771,32310,33956,37194,32118,33474,34201,37076,33940,28096
37648,33037,34251,32478,33956,37194,32118,33474,34201,37076,33940,28096
36630,33020,34095,32581,34048,37064,32044,33388,33994,37042,34026,27913
36180,33147,33632,32653,34048,37064,32044,33388,33994,37042,34026,27913
35684,33191,33472,32799,34048,37064,32044,33388,33994,37042,34026,27913
35154,33090,33243,32864,34048,37064,32044,33388,33994,37042,34026,27913
34528,33023,32903,32941,34048,37064,32044,33388,33994,37042,34026,27913
33833,32869,32919,33045,34048,37064,32044,33388,33994,37042,34026,27913
33439,32770,32842,33035,34048,37064,32044,33388,33994,37042,34026,27913
32922,32707,32647,32965,34048,37064,32044,33388,33994,37042,34026,27913
32635,32711,32586,32983,34048,37064,32044,33388,33994,37042,34026,27913
32395,32592,32197,33023,34048,37064,32044,33388,33994,37042,34026,27913
32287,32477,32117,33031,33892,37113,32116,33308,33920,37112,34208,27696
31988,32323,32091,33010,33892,37113,32116,33308,33920,37112,34208,27696
31714,32333,31855,32999,33892,37113,32116,33308,33920,37112,34208,27696
24453,32392,28517,34393,33892,37113,32116,33308,33920,37112,34208,27696
20902,32353,32564,34168,33892,37113,32116,33308,33920,37112,34208,27696
39608,32681,33590,30975,33892,37113,32116,33308,33920,37112,34208,27696
35716,32799,32804,32820,33892,37113,32116,33308,33920,37112,34208,27696
34938,32899,32815,32757,33892,37113,32116,33308,33920,37112,34208,27696
34627,32864,32775,32626,33892,37113,32116,33308,33920,37112,34208,27696
34069,33029,32613,32997,33892,37113,32116,33308,33920,37112,34208,27696
33465,32943,32865,33144,33708,37106,32482,33232,33920,37028,34480,27524
32719,32832,32859,33264,33708,37106,32482,33232,33920,37028,34480,27524
32912,33202,32963,33287,33708,37106,32482,33232,33920,37028,34480,27524
33220,33495,33165,33235,33708,37106,32482,33232,33920,37028,34480,27524
33226,33537,32937,33285,33708,37106,32482,33232,33920,37028,34480,27524
32852,33853,32914,33167,33708,37106,32482,33232,33920,37028,34480,27524
32709,32919,32711,33099,33708,37106,32482,33232,33920,37028,34480,27524
32557,32500,32767,33011,33708,37106,32482,33232,33920,37028,34480,27524
32427,31988,32643,32901,33708,37106,32482,33232,33920,37028,34480,27524
32313,31549,32350,32939,33708,37106,32482,33232,33920,37028,34480,27524
32220,31743,32363,32965,33404,36936,32408,33192,33976,36992,34696,27392
32380,31862,32087,32946,33404,36936,32408,33192,33976,36992,34696,27392
32392,31751,32359,32893,33404,36936,32408,33192,33976,36992,34696,27392
32467,33479,32223,32847,33404,36936,32408,33192,33976,36992,34696,27392
32620,34307,32325,32857,33404,36936,32408,33192,33976,36992,34696,27392
32806,33332,32295,32812,33404,36936,32408,33192,33976,36992,34696,27392
32823,33612,32492,32838,33404,36936,32408,33192,33976,36992,34696,27392
32751,32597,32578,32875,33404,36936,32408,33192,33976,36992,34696,27392
32830,31190,32745,32863,33404,36936,32408,33192,33976,36992,34696,27392
32692,31642,32882,32899,33404,36936,32408,33192,33976,36992,34696,27392
32696,32991,33180,32903,33380,36916,32352,33146,33936,36914,34932,27252
32871,34343,33339,32946,33380,36916,32352,33146,33936,36914,34932,27252
32793,33759,33283,33031,33380,36916,32352,33146,33936,36914,34932,27252
32189,32326,33455,33029,33380,36916,32352,33146,33936,36914,34932,27252
32168,31687,32983,33042,33380,36916,32352,33146,33936,36914,34932,27252
32389,32263,33077,33079,33380,36916,32352,33146,33936,36914,34932,27252
32414,32669,32959,32931,33380,36916,32352,33146,33936,36914,34932,27252
32309,32835,33057,32873,33380,36916,32352,33146,33936,36914,34932,27252
32244,32877,32955,32863,33380,36916,32352,33146,33936,36914,34932,27252
32235,32863,32767,32913,33380,36916,32352,33146,33936,36914,34932,27252
32126,33311,32711,32847,33330,36968,32194,32916,33824,37032,34836,27108
32013,33453,32347,32801,33330,36968,32194,32916,33824,37032,34836,27108
32120,33447,32455,32773,33330,36968,32194,32916,33824,37032,34836,27108
32466,33321,32284,32621,33330,36968,32194,32916,33824,37032,34836,27108
32636,32699,32415,32689,33330,36968,32194,32916,33824,37032,34836,27108
32707,30683,32519,32717,33330,36968,32194,32916,33824,37032,34836,27108
32877,29722,32434,32837,33330,36968,32194,32916,33824,37032,34836,27108
32936,30727,32721,32931,33330,36968,32194,32916,33824,37032,34836,27108
33029,32923,32583,32981,33330,36968,32194,32916,33824,37032,34836,27108
33190,34095,32891,32973,33330,36968,32194,32916,33824,37032,34836,27108
33269,35207,32747,33107,33234,37236,31972,32826,33756,37109,34792,26927
33376,33661,32963,33156,33234,37236,31972,32826,33756,37109,34792,26927
33381,32723,32877,33055,33234,37236,31972,32826,33756,37109,34792,26927
33263,32319,33005,32979,33234,37236,31972,32826,33756,37109,34792,26927
33117,31359,32973,32931,33234,37236,31972,32826,33756,37109,34792,26927
32880,33537,32886,32877,33234,37236,31972,32826,33756,37109,34792,26927
32764,34427,33038,32933,33234,37236,31972,32826,33756,37109,34792,26927
32708,33217,32847,32973,33234,37236,31972,32826,33756,37109,34792,26927
32560,32663,32665,32809,33234,37236,31972,32826,33756,37109,34792,26927
32622,32612,32647,32813,33234,37236,31972,32826,33756,37109,34792,26927
32741,32637,32281,32852,33410,37214,31961,32904,33632,37184,34608,26758
32813,32707,32263,32794,33410,37214,31961,32904,33632,37184,34608,26758
32978,32244,32519,32680,33410,37214,31961,32904,33632,37184,34608,26758
33202,32155,32679,32721,33410,37214,31961,32904,33632,37184,34608,26758
32973,32411,32912,32767,33410,37214,31961,32904,33632,37184,34608,26758
32317,32642,33035,32886,33410,37214,31961,32904,33632,37184,34608,26758
31751,32853,32745,32986,33410,37214,31961,32904,33632,37184,34608,26758
31468,33047,32790,32947,33410,37214,31961,32904,33632,37184,34608,26758
32103,32959,32732,32875,33410,37214,31961,32904,33632,37184,34608,26758
32521,33017,32369,32819,33410,37214,31961,32904,33632,37184,34608,26758
32763,32979,32530,32848,33472,37224,31620,32848,33528,37121,34728,26544
32969,32725,32480,32981,33472,37224,31620,32848,33528,37121,34728,26544
32680,32987,32871,33085,33472,37224,31620,32848,33528,37121,34728,26544
32472,33451,32999,33027,33472,37224,31620,32848,33528,37121,34728,26544
32858,33938,33143,32999,33472,37224,31620,32848,33528,37121,34728,26544
33367,34307,33181,32895,33472,37224,31620,32848,33528,37121,34728,26544
33389,33091,32983,32823,33472,37224,31620,32848,33528,37121,34728,26544
33496,32519,33319,32895,33472,37224,31620,32848,33528,37121,34728,26544
33336,31271,33156,32954,33472,37224,31620,32848,33528,37121,34728,26544
32848,31347,33155,33012,33472,37224,31620,32848,33528,37121,34728,26544
32136,32767,32775,33053,33636,37068,31352,32669,33624,37088,34864,26392
31704,32529,32477,32945,33636,37068,31352,32669,33624,37088,34864,26392
31573,31666,32505,32840,33636,37068,31352,32669,33624,37088,34864,26392
31982,31955,32399,32723,33636,37068,31352,32669,33624,37088,34864,26392
32666,31846,32402,32676,33636,37068,31352,32669,33624,37088,34864,26392
33138,31239,32583,32738,33636,37068,31352,32669,33624,37088,34864,26392
33234,31359,32563,32793,33636,37068,31352,32669,33624,37088,34864,26392
33200,32279,32815,32805,33636,37068,31352,32669,33624,37088,34864,26392
33239,35267,32837,32957,33636,37068,31352,32669,33624,37088,34864,26392
33297,34911,32755,32989,33636,37068,31352,32669,33624,37088,34864,26392
33326,33395,33007,32975,33924,36960,30932,32728,33770,37128,34858,26318
33414,33323,32890,32992,33924,36960,30932,32728,33770,37128,34858,26318
33362,33853,33049,32984,33924,36960,30932,32728,33770,37128,34858,26318
33159,33623,33030,32988,33924,36960,30932,32728,33770,37128,34858,26318
32997,33501,32807,33033,33924,36960,30932,32728,33770,37128,34858,26318
32858,33074,32887,32979,33924,36960,30932,32728,33770,37128,34858,26318
32660,32543,32732,32883,33924,36960,30932,32728,33770,37128,34858,26318
32632,32596,32567,32867,33924,36960,30932,32728,33770,37128,34858,26318
32422,32557,32721,32851,33924,36960,30932,32728,33770,37128,34858,26318
32360,32423,32557,32839,33924,36960,30932,32728,33770,37128,34858,26318
32247,32305,32703,32879,34016,36938,31140,32640,33896,37166,34628,26149
32075,32349,32465,32767,34016,36938,31140,32640,33896,37166,34628,26149
32172,32303,32588,32647,34016,36938,31140,32640,33896,37166,34628,26149
32284,32373,32611,32696,34016,36938,31140,32640,33896,37166,34628,26149
32540,32487,32444,32735,34016,36938,31140,32640,33896,37166,34628,26149
32775,32571,32685,32813,34016,36938,31140,32640,33896,37166,34628,26149
32948,32707,32759,32817,34016,36938,31140,32640,33896,37166,34628,26149
33057,32795,32569,33143,34016,36938,31140,32640,33896,37166,34628,26149
33111,32882,32775,33215,34016,36938,31140,32640,33896,37166,34628,26149
33141,32921,32538,32790,34016,36938,31140,32640,33896,37166,34628,26149
33197,32963,32775,32899,33928,36716,31296,32436,33961,37232,34460,25998
33336,33031,32767,32986,33928,36716,31296,32436,33961,37232,34460,25998
33148,32997,33043,33224,33928,36716,31296,32436,33961,37232,34460,25998
32916,33046,32757,33153,33928,36716,31296,32436,33961,37232,34460,25998
32767,32931,32927,32912,33928,36716,31296,32436,33961,37232,34460,25998
32636,32655,32821,32863,33928,36716,31296,32436,33961,37232,34460,25998
32557,32416,32560,32687,33928,36716,31296,32436,33961,37232,34460,25998
32496,32383,32735,32775,33928,36716,31296,32436,33961,37232,34460,25998
32521,32515,32761,32811,33928,36716,31296,32436,33961,37232,34460,25998
32440,33141,32615,32892,33928,36716,31296,32436,33961,37232,34460,25998
32225,32861,32751,32864,33762,36576,30996,32436,33924,37224,34572,25922
31993,32279,32612,33107,33762,36576,30996,32436,33924,37224,34572,25922
32043,32385,32567,33257,33762,36576,30996,32436,33924,37224,34572,25922
32717,31827,32832,32998,33762,36576,30996,32436,33924,37224,34572,25922
33133,31905,32589,32922,33762,36576,30996,32436,33924,37224,34572,25922
33012,32645,32699,32927,33762,36576,30996,32436,33924,37224,34572,25922
32825,32900,32535,33017,33762,36576,30996,32436,33924,37224,34572,25922
32756,33159,32725,33138,33762,36576,30996,32436,33924,37224,34572,25922
32930,32805,32950,32818,33762,36576,30996,32436,33924,37224,34572,25922
33188,32632,32811,32029,33762,36576,30996,32436,33924,37224,34572,25922
33354,32931,33011,32150,33872,36432,30588,32448,33746,37132,34848,25708
33367,33282,33126,32247,33872,36432,30588,32448,33746,37132,34848,25708
33055,33362,33005,32652,33872,36432,30588,32448,33746,37132,34848,25708
32937,33325,33263,33285,33872,36432,30588,32448,33746,37132,34848,25708
32388,33071,32952,33373,33872,36432,30588,32448,33746,37132,34848,25708
32140,32583,33021,33165,33872,36432,30588,32448,33746,37132,34848,25708
32558,32601,32923,33015,33872,36432,30588,32448,33746,37132,34848,25708
32722,32758,33194,33251,33872,36432,30588,32448,33746,37132,34848,25708
32704,32775,33152,32863,33872,36432,30588,32448,33746,37132,34848,25708
32604,32605,32742,32627,33872,36432,30588,32448,33746,37132,34848,25708
32403,32583,32837,32985,33936,36537,30556,32416,33616,37012,34896,25618
32258,32625,32395,33279,33936,36537,30556,32416,33616,37012,34896,25618
32411,32467,32376,33017,33936,36537,30556,32416,33616,37012,34896,25618
32665,32495,32310,32811,33936,36537,30556,32416,33616,37012,34896,25618
32791,32703,32187,32740,33936,36537,30556,32416,33616,37012,34896,25618
32393,32676,32516,32492,33936,36537,30556,32416,33616,37012,34896,25618
32313,32635,32439,32658,33936,36537,30556,32416,33616,37012,34896,25618
32745,32695,32707,32811,33936,36537,30556,32416,33616,37012,34896,25618
33134,32881,32801,33019,33936,36537,30556,32416,33616,37012,34896,25618
33224,32839,32818,33059,33936,36537,30556,32416,33616,37012,34896,25618
33188,32903,33040,33285,33924,36516,30932,32336,33566,37072,34780,25397
33304,33039,32964,32967,33924,36516,30932,32336,33566,37072,34780,25397
33366,33017,32967,32893,33924,36516,30932,32336,33566,37072,34780,25397
33287,32843,33119,33041,33924,36516,30932,32336,33566,37072,34780,25397
33080,33019,32955,32839,33924,36516,30932,32336,33566,37072,34780,25397
32711,32861,33059,32913,33924,36516,30932,32336,33566,37072,34780,25397
32460,32836,32889,32935,33924,36516,30932,32336,33566,37072,34780,25397
32320,32941,32687,33271,33924,36516,30932,32336,33566,37072,34780,25397
32236,32615,32733,32846,33924,36516,30932,32336,33566,37072,34780,25397
32228,32402,32543,32604,33924,36516,30932,32336,33566,37072,34780,25397
32168,32315,32351,32881,33738,36532,31104,32148,33544,37157,34394,25308
32134,32331,32455,32958,33738,36532,31104,32148,33544,37157,34394,25308
32263,32561,32161,32549,33738,36532,31104,32148,33544,37157,34394,25308
32411,32621,32351,32399,33738,36532,31104,32148,33544,37157,34394,25308
32601,32684,32482,32881,33738,36532,31104,32148,33544,37157,34394,25308
32861,32929,32391,33088,33738,36532,31104,32148,33544,37157,34394,25308
32992,32885,32735,33157,33738,36532,31104,32148,33544,37157,34394,25308
33118,32815,32807,33105,33738,36532,31104,32148,33544,37157,34394,25308
33189,32775,32773,32979,33738,36532,31104,32148,33544,37157,34394,25308
33344,32861,33031,32965,33738,36532,31104,32148,33544,37157,34394,25308
33381,32973,32903,32839,33804,36452,30602,32186,33580,37232,34268,25124
33489,33031,33199,32675,33804,36452,30602,32186,33580,37232,34268,25124
33455,33091,33115,32759,33804,36452,30602,32186,33580,37232,34268,25124
33228,33023,32914,32903,33804,36452,30602,32186,33580,37232,34268,25124
33037,32799,32894,32954,33804,36452,30602,32186,33580,37232,34268,25124
32842,32663,32723,32857,33804,36452,30602,32186,33580,37232,34268,25124
32706,32755,32767,33091,33804,36452,30602,32186,33580,37232,34268,25124
32813,32839,32608,33461,33804,36452,30602,32186,33580,37232,34268,25124
32645,32675,32363,33279,33804,36452,30602,32186,33580,37232,34268,25124
32522,32503,32537,33133,33804,36452,30602,32186,33580,37232,34268,25124
32254,32347,32247,33005,33874,36475,30168,31937,33660,37276,33964,25064
32152,32149,32391,32911,33874,36475,30168,31937,33660,37276,33964,25064
32229,32178,32512,32427,33874,36475,30168,31937,33660,37276,33964,25064
32496,32513,32679,32114,33874,36475,30168,31937,33660,37276,33964,25064
32734,32519,32939,32351,33874,36475,30168,31937,33660,37276,33964,25064
32966,32868,32985,32591,33874,36475,30168,31937,33660,37276,33964,25064
33405,33111,33383,32563,33874,36475,30168,31937,33660,37276,33964,25064
33777,32845,33671,32859,33874,36475,30168,31937,33660,37276,33964,25064
33731,33046,33104,33107,33874,36475,30168,31937,33660,37276,33964,25064
33147,33266,33138,33138,33874,36475,30168,31937,33660,37276,33964,25064
32626,33203,33223,32997,33660,36504,30208,32032,33568,37122,34720,24880
31812,33287,32945,33146,33660,36504,30208,32032,33568,37122,34720,24880
31296,33391,32967,33220,33660,36504,30208,32032,33568,37122,34720,24880
32264,33253,32916,33118,33660,36504,30208,32032,33568,37122,34720,24880
32849,32791,32721,33141,33660,36504,30208,32032,33568,37122,34720,24880
32963,32578,32867,32985,33660,36504,30208,32032,33568,37122,34720,24880
33136,32500,32838,32973,33660,36504,30208,32032,33568,37122,34720,24880
33202,32053,32557,33104,33660,36504,30208,32032,33568,37122,34720,24880
33103,31982,32751,32901,33660,36504,30208,32032,33568,37122,34720,24880
32908,32221,32685,32767,33660,36504,30208,32032,33568,37122,34720,24880
32682,32466,32411,32682,33692,36496,30392,31920,33777,37036,34754,24731
32425,32847,32463,32739,33692,36496,30392,31920,33777,37036,34754,24731
32405,32667,32306,32789,33692,36496,30392,31920,33777,37036,34754,24731
32391,32583,31958,32763,33692,36496,30392,31920,33777,37036,34754,24731
32485,32719,32115,32835,33692,36496,30392,31920,33777,37036,34754,24731
32542,32863,32430,32903,33692,36496,30392,31920,33777,37036,34754,24731
32546,32966,32591,32931,33692,36496,30392,31920,33777,37036,34754,24731
32432,33013,32665,32890,33692,36496,30392,31920,33777,37036,34754,24731
32448,32941,32747,32952,33692,36496,30392,31920,33777,37036,34754,24731
32738,32959,32681,32815,33692,36496,30392,31920,33777,37036,34754,24731
33049,32915,32661,32795,33704,36280,30288,31785,33900,37042,34616,24552
33639,32827,33073,32823,33704,36280,30288,31785,33900,37042,34616,24552
34033,32805,32955,32783,33704,36280,30288,31785,33900,37042,34616,24552
33874,32739,32931,32847,33704,36280,30288,31785,33900,37042,34616,24552
33737,32669,32655,32799,33704,36280,30288,31785,33900,37042,34616,24552
33596,32110,32811,33279,33704,36280,30288,31785,33900,37042,34616,24552
33612,32311,32589,33487,33704,36280,30288,31785,33900,37042,34616,24552
33397,32583,32982,33247,33704,36280,30288,31785,33900,37042,34616,24552
32993,32709,32975,32895,33704,36280,30288,31785,33900,37042,34616,24552
32674,33943,32849,32579,33704,36280,30288,31785,33900,37042,34616,24552
32602,34031,32752,32413,33776,36080,30036,31796,34032,37048,34413,24448
32375,32804,32286,31935,33776,36080,30036,31796,34032,37048,34413,24448
32078,32210,32455,31970,33776,36080,30036,31796,34032,37048,34413,24448
31890,31999,32634,32949,33776,36080,30036,31796,34032,37048,34413,24448
31980,32477,32820,33605,33776,36080,30036,31796,34032,37048,34413,24448
32144,32819,32975,33599,33776,36080,30036,31796,34032,37048,34413,24448
32051,33095,32897,33455,33776,36080,30036,31796,34032,37048,34413,24448
31552,33219,33147,33186,33776,36080,30036,31796,34032,37048,34413,24448
30309,33375,33220,33057,33776,36080,30036,31796,34032,37048,34413,24448
30840,34343,33596,32955,33776,36080,30036,31796,34032,37048,34413,24448
32048,34885,33963,32995,34083,35888,29640,31738,34138,37168,34246,24384
33225,35656,33671,33129,34083,35888,29640,31738,34138,37168,34246,24384
21544,56376,20892,35641,34083,35888,29640,31738,34138,37168,34246,24384
34617,55792,22724,30178,34083,35888,29640,31738,34138,37168,34246,24384
42176,48706,30240,32358,34083,35888,29640,31738,34138,37168,34246,24384
35876,42351,42577,32384,34083,35888,29640,31738,34138,37168,34246,24384
34258,37951,41603,32369,34083,35888,29640,31738,34138,37168,34246,24384
33700,34704,36649,32637,34083,35888,29640,31738,34138,37168,34246,24384
33748,32311,35043,32600,34083,35888,29640,31738,34138,37168,34246,24384
33631,30658,34055,32571,34083,35888,29640,31738,34138,37168,34246,24384
33324,45,33493,32672,34324,35704,29796,31620,34272,37024,34388,24252
33012,8639,33090,32869,34324,35704,29796,31620,34272,37024,34388,24252
32573,13755,32560,32847,34324,35704,29796,31620,34272,37024,34388,24252
32263,16391,32341,32795,34324,35704,29796,31620,34272,37024,34388,24252
32056,22382,32600,32812,34324,35704,29796,31620,34272,37024,34388,24252
32516,51916,31449,32724,34324,35704,29796,31620,34272,37024,34388,24252
32583,49991,22101,32723,34324,35704,29796,31620,34272,37024,34388,24252
30023,45088,25532,33190,34324,35704,29796,31620,34272,37024,34388,24252
27488,40908,25346,32859,34324,35704,29796,31620,34272,37024,34388,24252
28694,37860,27676,35081,34324,35704,29796,31620,34272,37024,34388,24252
26491,35503,29748,34796,34328,35648,29833,31588,34312,36996,34258,24025
26882,33580,31325,34347,34328,35648,29833,31588,34312,36996,34258,24025
30984,32406,32531,33772,34328,35648,29833,31588,34312,36996,34258,24025
42950,31429,33174,31074,34328,35648,29833,31588,34312,36996,34258,24025
43476,30754,42376,30192,34328,35648,29833,31588,34312,36996,34258,24025
38014,30332,51148,30912,34328,35648,29833,31588,34312,36996,34258,24025
36648,30053,41767,31437,34328,35648,29833,31588,34312,36996,34258,24025
35684,29849,39106,31751,34328,35648,29833,31588,34312,36996,34258,24025
34665,17480,36974,32124,34328,35648,29833,31588,34312,36996,34258,24025
33872,2692,35335,32320,34328,35648,29833,31588,34312,36996,34258,24025
34032,12045,34069,32543,34548,35387,29796,31407,34284,37049,34172,23946
34008,20117,33103,32705,34548,35387,29796,31407,34284,37049,34172,23946
33668,23593,32396,32642,34548,35387,29796,31407,34284,37049,34172,23946
33072,26753,31997,32626,34548,35387,29796,31407,34284,37049,34172,23946
32696,29054,31581,32791,34548,35387,29796,31407,34284,37049,34172,23946
32568,29731,31453,32949,34548,35387,29796,31407,34284,37049,34172,23946
32489,31545,31435,33026,34548,35387,29796,31407,34284,37049,34172,23946
32497,33775,31270,33099,34548,35387,29796,31407,34284,37049,34172,23946
32592,33874,31471,33058,34548,35387,29796,31407,34284,37049,34172,23946
29920,50796,25844,33026,34548,35387,29796,31407,34284,37049,34172,23946
21198,64236,19533,35104,34784,35212,29428,31348,34212,37152,34176,23824
21445,57055,22820,35284,34784,35212,29428,31348,34212,37152,34176,23824
25489,50136,25949,34612,34784,35212,29428,31348,34212,37152,34176,23824
37740,44853,28375,34054,34784,35212,29428,31348,34212,37152,34176,23824
46192,40753,33336,30288,34784,35212,29428,31348,34212,37152,34176,23824
39548,37602,47943,31236,34784,35212,29428,31348,34212,37152,34176,23824
37337,35143,41618,31707,34784,35212,29428,31348,34212,37152,34176,23824
36444,33413,38369,32079,34784,35212,29428,31348,34212,37152,34176,23824
35831,32141,36706,32277,34784,35212,29428,31348,34212,37152,34176,23824
35958,17623,35326,32366,34784,35212,29428,31348,34212,37152,34176,23824
36390,668,34250,32473,34640,35418,29220,31357,34168,37188,34250,23626
37469,12458,33294,32575,34640,35418,29220,31357,34168,37188,34250,23626
34571,18812,32576,32733,34640,35418,29220,31357,34168,37188,34250,23626
31689,22522,32276,32751,34640,35418,29220,31357,34168,37188,34250,23626
30351,25575,31797,32785,34640,35418,29220,31357,34168,37188,34250,23626
29956,28367,31893,32765,34640,35418,29220,31357,34168,37188,34250,23626
29450,43888,28572,32780,34640,35418,29220,31357,34168,37188,34250,23626
22156,59716,20233,33840,34640,35418,29220,31357,34168,37188,34250,23626
16435,53627,23070,35623,34640,35418,29220,31357,34168,37188,34250,23626
21214,47986,26164,34921,34640,35418,29220,31357,34168,37188,34250,23626
23940,43262,28535,34203,34704,35648,29521,31128,34168,37072,34612,23508
26594,39758,30339,33719,34704,35648,29521,31128,34168,37072,34612,23508
29122,36790,31751,33330,34704,35648,29521,31128,34168,37072,34612,23508
31175,34877,32801,33039,34704,35648,29521,31128,34168,37072,34612,23508
41311,33382,33470,32692,34704,35648,29521,31128,34168,37072,34612,23508
44184,32292,33877,29942,34704,35648,29521,31128,34168,37072,34612,23508
40916,31396,40898,30520,34704,35648,29521,31128,34168,37072,34612,23508
37986,30821,48773,31017,34704,35648,29521,31128,34168,37072,34612,23508
36742,30468,46572,31541,34704,35648,29521,31128,34168,37072,34612,23508
35983,30236,38736,32046,34704,35648,29521,31128,34168,37072,34612,23508
35033,3120,36242,32340,34560,35520,29704,31193,34096,37044,34898,23435
34228,7111,34660,32581,34560,35520,29704,31193,34096,37044,34898,23435
33810,15621,32963,32788,34560,35520,29704,31193,34096,37044,34898,23435
33729,21119,32381,32858,34560,35520,29704,31193,34096,37044,34898,23435
33729,28404,31408,33016,34560,35520,29704,31193,34096,37044,34898,23435
33596,54516,31496,32974,34560,35520,29704,31193,34096,37044,34898,23435
24649,51989,20376,32800,34560,35520,29704,31193,34096,37044,34898,23435
30266,46940,22403,33277,34560,35520,29704,31193,34096,37044,34898,23435
28687,42857,25446,34220,34560,35520,29704,31193,34096,37044,34898,23435
24415,39579,27811,35386,34560,35520,29704,31193,34096,37044,34898,23435
26601,37118,29660,34813,34346,35584,29728,31060,34038,36936,34996,23314
28660,35459,31019,34215,34346,35584,29728,31060,34038,36936,34996,23314
30354,34115,32157,33653,34346,35584,29728,31060,34038,36936,34996,23314
37773,33075,32721,33324,34346,35584,29728,31060,34038,36936,34996,23314
44142,32392,33496,29662,34346,35584,29728,31060,34038,36936,34996,23314
38120,31762,46182,30582,34346,35584,29728,31060,34038,36936,34996,23314
35793,31413,51228,31110,34346,35584,29728,31060,34038,36936,34996,23314
35127,31165,41937,31602,34346,35584,29728,31060,34038,36936,34996,23314
34910,30975,38125,32063,34346,35584,29728,31060,34038,36936,34996,23314
34556,18360,35962,32324,34346,35584,29728,31060,34038,36936,34996,23314
33949,4216,34125,32482,34352,35712,29740,30936,34032,36908,34940,23149
33294,9157,32733,32705,34352,35712,29740,30936,34032,36908,34940,23149
33337,20961,31825,32789,34352,35712,29740,30936,34032,36908,34940,23149
33632,26132,31025,32914,34352,35712,29740,30936,34032,36908,34940,23149
33715,28551,30549,33047,34352,35712,29740,30936,34032,36908,34940,23149
33511,28706,30125,33133,34352,35712,29740,30936,34032,36908,34940,23149
33332,30911,30309,33026,34352,35712,29740,30936,34032,36908,34940,23149
33156,59416,27668,33056,34352,35712,29740,30936,34032,36908,34940,23149
29856,57872,18918,32780,34352,35712,29740,30936,34032,36908,34940,23149
23471,51517,22180,35101,34352,35712,29740,30936,34032,36908,34940,23149
25699,46270,25280,34927,34394,35712,29568,30892,34036,37108,34649,22972
27372,42195,27915,34391,34394,35712,29568,30892,34036,37108,34649,22972
29301,38989,29901,33787,34394,35712,29568,30892,34036,37108,34649,22972
37900,36555,31326,33410,34394,35712,29568,30892,34036,37108,34649,22972
40648,34804,33332,30580,34394,35712,29568,30892,34036,37108,34649,22972
35877,33428,48545,31102,34394,35712,29568,30892,34036,37108,34649,22972
35303,32440,45767,31461,34394,35712,29568,30892,34036,37108,34649,22972
34993,31651,40157,31767,34394,35712,29568,30892,34036,37108,34649,22972
34511,31143,38027,32141,34394,35712,29568,30892,34036,37108,34649,22972
33924,11737,36084,32354,34394,35712,29568,30892,34036,37108,34649,22972
33269,3042,34428,32640,34336,35872,29512,30922,34034,37156,34560,22908
32770,14537,33239,32791,34336,35872,29512,30922,34034,37156,34560,22908
32632,19669,32375,32813,34336,35872,29512,30922,34034,37156,34560,22908
32739,23371,31771,32903,34336,35872,29512,30922,34034,37156,34560,22908
32843,28157,31564,32985,34336,35872,29512,30922,34034,37156,34560,22908
32996,31335,31331,33037,34336,35872,29512,30922,34034,37156,34560,22908
33056,31767,31396,33031,34336,35872,29512,30922,34034,37156,34560,22908
33032,40210,29604,33050,34336,35872,29512,30922,34034,37156,34560,22908
33024,61896,22004,32856,34336,35872,29512,30922,34034,37156,34560,22908
24854,56692,21093,34851,34336,35872,29512,30922,34034,37156,34560,22908
26104,49999,24231,34454,34432,35908,29380,30816,34152,37109,34720,22796
28200,44996,27105,33939,34432,35908,29380,30816,34152,37109,34720,22796
29880,40933,29357,33556,34432,35908,29380,30816,34152,37109,34720,22796
31096,38015,30981,33225,34432,35908,29380,30816,34152,37109,34720,22796
41546,35693,32188,32530,34432,35908,29380,30816,34152,37109,34720,22796
40432,33979,33986,30855,34432,35908,29380,30816,34152,37109,34720,22796
36706,32685,45801,31152,34432,35908,29380,30816,34152,37109,34720,22796
35485,31735,50108,31506,34432,35908,29380,30816,34152,37109,34720,22796
34684,31025,42357,31833,34432,35908,29380,30816,34152,37109,34720,22796
34026,25760,38052,32135,34432,35908,29380,30816,34152,37109,34720,22796
33380,1867,35956,32381,34520,35696,29465,30694,34144,37121,34788,22600
32889,12022,34622,32697,34520,35696,29465,30694,34144,37121,34788,22600
32644,20236,33415,32789,34520,35696,29465,30694,34144,37121,34788,22600
32575,21979,32595,32795,34520,35696,29465,30694,34144,37121,34788,22600
32559,24683,32075,32863,34520,35696,29465,30694,34144,37121,34788,22600
32679,27479,31543,33050,34520,35696,29465,30694,34144,37121,34788,22600
32986,30201,31555,33037,34520,35696,29465,30694,34144,37121,34788,22600
33080,36161,31088,32963,34520,35696,29465,30694,34144,37121,34788,22600
32493,60678,21752,32798,34520,35696,29465,30694,34144,37121,34788,22600
23957,56263,20767,34651,34520,35696,29465,30694,34144,37121,34788,22600
25426,49663,24245,34499,34564,35680,29578,30601,34172,36984,34980,22476
27732,44858,27012,33925,34564,35680,29578,30601,34172,36984,34980,22476
29488,40862,29147,33485,34564,35680,29578,30601,34172,36984,34980,22476
30820,37857,30813,33260,34564,35680,29578,30601,34172,36984,34980,22476
40240,35740,32042,32732,34564,35680,29578,30601,34172,36984,34980,22476
42448,33999,32859,31221,34564,35680,29578,30601,34172,36984,34980,22476
36364,32668,37006,31393,34564,35680,29578,30601,34172,36984,34980,22476
34349,31802,48500,31741,34564,35680,29578,30601,34172,36984,34980,22476
33956,31125,47973,31929,34564,35680,29578,30601,34172,36984,34980,22476
33424,30701,39768,32215,34564,35680,29578,30601,34172,36984,34980,22476
33362,3279,37092,32450,34440,35476,29336,30620,34189,37016,34984,22328
33188,8268,35691,32680,34440,35476,29336,30620,34189,37016,34984,22328
33129,17046,33783,32710,34440,35476,29336,30620,34189,37016,34984,22328
33278,22108,33004,32715,34440,35476,29336,30620,34189,37016,34984,22328
33180,24903,32103,32833,34440,35476,29336,30620,34189,37016,34984,22328
33348,50472,31652,32856,34440,35476,29336,30620,34189,37016,34984,22328
33320,53572,21444,32570,34440,35476,29336,30620,34189,37016,34984,22328
31120,48601,20617,33170,34440,35476,29336,30620,34189,37016,34984,22328
32028,43900,24063,32531,34440,35476,29336,30620,34189,37016,34984,22328
24606,40512,26823,34622,34440,35476,29336,30620,34189,37016,34984,22328
26116,38003,28966,34428,34320,35380,29304,30624,34009,37104,35064,22197
28201,35813,30564,33991,34320,35380,29304,30624,34009,37104,35064,22197
29844,34408,31712,33597,34320,35380,29304,30624,34009,37104,35064,22197
38384,33261,32638,33328,34320,35380,29304,30624,34009,37104,35064,22197
42290,32434,38958,30964,34320,35380,29304,30624,34009,37104,35064,22197
36509,31775,51874,31251,34320,35380,29304,30624,34009,37104,35064,22197
35052,31398,42694,31663,34320,35380,29304,30624,34009,37104,35064,22197
34140,28302,39280,32013,34320,35380,29304,30624,34009,37104,35064,22197
33219,19293,37192,32325,34320,35380,29304,30624,34009,37104,35064,22197
33025,4764,35612,32685,34320,35380,29304,30624,34009,37104,35064,22197
32746,12962,34073,32817,34052,35361,29320,30564,33880,37136,34956,22037
32652,20612,32993,32745,34052,35361,29320,30564,33880,37136,34956,22037
32922,24750,32290,32803,34052,35361,29320,30564,33880,37136,34956,22037
32988,27373,31501,32885,34052,35361,29320,30564,33880,37136,34956,22037
33061,29312,31327,32862,34052,35361,29320,30564,33880,37136,34956,22037
33069,31110,30974,32915,34052,35361,29320,30564,33880,37136,34956,22037
32883,32253,31101,32875,34052,35361,29320,30564,33880,37136,34956,22037
32787,33266,30965,32809,34052,35361,29320,30564,33880,37136,34956,22037
32594,35507,31219,32900,34052,35361,29320,30564,33880,37136,34956,22037
32532,59672,21538,32929,34052,35361,29320,30564,33880,37136,34956,22037
25122,62023,19983,34692,33750,35276,29244,30540,33824,37100,34816,21964
25616,54608,23436,34455,33750,35276,29244,30540,33824,37100,34816,21964
27817,48371,26515,33986,33750,35276,29244,30540,33824,37100,34816,21964
34966,43353,28849,33612,33750,35276,29244,30540,33824,37100,34816,21964
41400,39762,30579,32135,33750,35276,29244,30540,33824,37100,34816,21964
36542,36888,34212,31516,33750,35276,29244,30540,33824,37100,34816,21964
34794,34757,47948,31680,33750,35276,29244,30540,33824,37100,34816,21964
34172,33123,46374,31908,33750,35276,29244,30540,33824,37100,34816,21964
33746,31886,39262,32231,33750,35276,29244,30540,33824,37100,34816,21964
33359,30871,36795,32381,33750,35276,29244,30540,33824,37100,34816,21964
32972,1199,35305,32514,33776,35168,29138,30321,33648,37198,34688,21830
32704,2460,34289,32654,33776,35168,29138,30321,33648,37198,34688,21830
32760,20299,33323,32793,33776,35168,29138,30321,33648,37198,34688,21830
32775,25244,32589,32851,33776,35168,29138,30321,33648,37198,34688,21830
32805,27222,32286,32943,33776,35168,29138,30321,33648,37198,34688,21830
32808,46730,32009,32925,33776,35168,29138,30321,33648,37198,34688,21830
32196,54192,23413,33420,33776,35168,29138,30321,33648,37198,34688,21830
25714,49287,20681,34326,33776,35168,29138,30321,33648,37198,34688,21830
27848,44439,23929,33982,33776,35168,29138,30321,33648,37198,34688,21830
28454,40741,26787,33634,33776,35168,29138,30321,33648,37198,34688,21830
29548,38020,28979,33249,33928,35280,29092,30238,33494,37210,34546,21720
30846,35716,30629,33067,33928,35280,29092,30238,33494,37210,34546,21720
31826,34077,31919,32967,33928,35280,29092,30238,33494,37210,34546,21720
36250,32912,32660,32855,33928,35280,29092,30238,33494,37210,34546,21720
43156,32088,33511,31879,33928,35280,29092,30238,33494,37210,34546,21720
37794,31453,34215,31400,33928,35280,29092,30238,33494,37210,34546,21720
35924,31012,45981,31508,33928,35280,29092,30238,33494,37210,34546,21720
35000,30765,50884,31889,33928,35280,29092,30238,33494,37210,34546,21720
34336,30605,41174,32156,33928,35280,29092,30238,33494,37210,34546,21720
33780,30303,37588,32623,33928,35280,29092,30238,33494,37210,34546,21720
33264,3421,35728,32697,34129,35234,28896,30200,33545,37069,34580,21645
32848,7542,33744,32691,34129,35234,28896,30200,33545,37069,34580,21645
32644,17192,33065,32790,34129,35234,28896,30200,33545,37069,34580,21645
32558,22663,32276,32797,34129,35234,28896,30200,33545,37069,34580,21645
32615,26061,31895,32765,34129,35234,28896,30200,33545,37069,34580,21645
32588,28725,31417,32865,34129,35234,28896,30200,33545,37069,34580,21645
32631,31435,31367,32996,34129,35234,28896,30200,33545,37069,34580,21645
32616,42032,30152,33058,34129,35234,28896,30200,33545,37069,34580,21645
32576,61100,27392,32957,34129,35234,28896,30200,33545,37069,34580,21645
26219,55811,19890,34140,34129,35234,28896,30200,33545,37069,34580,21645
26922,49702,22592,33841,34213,34960,28698,30257,33624,37112,34570,21556
27800,44761,25807,33414,34213,34960,28698,30257,33624,37112,34570,21556
29450,40889,28185,33235,34213,34960,28698,30257,33624,37112,34570,21556
37436,37951,30001,33154,34213,34960,28698,30257,33624,37112,34570,21556
40713,35865,31743,32168,34213,34960,28698,30257,33624,37112,34570,21556
35784,34176,44832,31738,34213,34960,28698,30257,33624,37112,34570,21556
34704,32967,46428,31922,34213,34960,28698,30257,33624,37112,34570,21556
34150,31982,40315,32084,34213,34960,28698,30257,33624,37112,34570,21556
33765,31290,37535,32311,34213,34960,28698,30257,33624,37112,34570,21556
33396,10615,35812,32557,34213,34960,28698,30257,33624,37112,34570,21556
33012,2729,34941,32706,34112,34640,28722,30068,33720,37196,34400,21388
32675,14421,33895,32749,34112,34640,28722,30068,33720,37196,34400,21388
32577,20067,32933,32727,34112,34640,28722,30068,33720,37196,34400,21388
32564,21191,32234,32745,34112,34640,28722,30068,33720,37196,34400,21388
32660,24940,31901,32805,34112,34640,28722,30068,33720,37196,34400,21388
32660,28573,31718,32877,34112,34640,28722,30068,33720,37196,34400,21388
32676,36922,31646,33096,34112,34640,28722,30068,33720,37196,34400,21388
32741,38597,31574,33034,34112,34640,28722,30068,33720,37196,34400,21388
32822,34978,31293,32985,34112,34640,28722,30068,33720,37196,34400,21388
32781,58336,24147,32824,34112,34640,28722,30068,33720,37196,34400,21388
26264,59924,21284,33833,33908,34364,28788,30114,33836,37073,34400,21292
26336,53043,23991,33895,33908,34364,28788,30114,33836,37073,34400,21292
28716,47087,26856,33594,33908,34364,28788,30114,33836,37073,34400,21292
40046,42338,29071,33025,33908,34364,28788,30114,33836,37073,34400,21292
36188,39022,36031,31888,33908,34364,28788,30114,33836,37073,34400,21292
34428,36328,47188,31974,33908,34364,28788,30114,33836,37073,34400,21292
33938,34331,40311,32279,33908,34364,28788,30114,33836,37073,34400,21292
33628,27990,37676,32453,33908,34364,28788,30114,33836,37073,34400,21292
33306,11799,36254,32553,33908,34364,28788,30114,33836,37073,34400,21292
33060,5615,35044,32636,33908,34364,28788,30114,33836,37073,34400,21292
32700,16727,33927,32723,33864,34185,28749,29961,33904,37080,34268,21158
32583,20100,33227,32879,33864,34185,28749,29961,33904,37080,34268,21158
32528,23195,32705,32839,33864,34185,28749,29961,33904,37080,34268,21158
32555,26432,32364,32796,33864,34185,28749,29961,33904,37080,34268,21158
32624,28807,32375,32869,33864,34185,28749,29961,33904,37080,34268,21158
32745,30399,32277,32947,33864,34185,28749,29961,33904,37080,34268,21158
32864,31751,32190,32899,33864,34185,28749,29961,33904,37080,34268,21158
32930,34434,32117,33023,33864,34185,28749,29961,33904,37080,34268,21158
32860,47688,28677,33144,33864,34185,28749,29961,33904,37080,34268,21158
26424,63013,20179,33893,33864,34185,28749,29961,33904,37080,34268,21158
26562,56187,22923,33723,33788,34018,28720,29884,33889,37120,34132,21044
28466,49407,26107,33503,33788,34018,28720,29884,33889,37120,34132,21044
30007,44025,28471,33362,33788,34018,28720,29884,33889,37120,34132,21044
40362,40037,30364,32917,33788,34018,28720,29884,33889,37120,34132,21044
37672,36966,35296,31849,33788,34018,28720,29884,33889,37120,34132,21044
35342,34671,51343,31797,33788,34018,28720,29884,33889,37120,34132,21044
34668,33049,41716,32017,33788,34018,28720,29884,33889,37120,34132,21044
34564,31772,39798,31860,33788,34018,28720,29884,33889,37120,34132,21044
33765,19866,37100,32442,33788,34018,28720,29884,33889,37120,34132,21044
33328,708,35334,32549,33788,34018,28720,29884,33889,37120,34132,21044
32981,12818,34175,32788,33696,33940,28692,29818,33852,37056,34154,20956
32677,19122,33262,33043,33696,33940,28692,29818,33852,37056,34154,20956
32605,22595,32740,32903,33696,33940,28692,29818,33852,37056,34154,20956
32564,24967,32039,32802,33696,33940,28692,29818,33852,37056,34154,20956
32597,27778,31975,32935,33696,33940,28692,29818,33852,37056,34154,20956
32684,29558,31847,32863,33696,33940,28692,29818,33852,37056,34154,20956
32674,31279,31619,32856,33696,33940,28692,29818,33852,37056,34154,20956
32736,33373,31751,32983,33696,33940,28692,29818,33852,37056,34154,20956
32805,35533,31778,32999,33696,33940,28692,29818,33852,37056,34154,20956
32844,35975,31715,32957,33696,33940,28692,29818,33852,37056,34154,20956
32896,35807,32018,32980,33684,33888,28667,29789,33740,37088,34160,20818
26172,61820,20205,33801,33684,33888,28667,29789,33740,37088,34160,20818
36225,58764,21862,33060,33684,33888,28667,29789,33740,37088,34160,20818
34664,51236,28354,32401,33684,33888,28667,29789,33740,37088,34160,20818
32957,45592,48124,32316,33684,33888,28667,29789,33740,37088,34160,20818
32808,41156,38725,32568,33684,33888,28667,29789,33740,37088,34160,20818
32700,28065,35968,32682,33684,33888,28667,29789,33740,37088,34160,20818
32652,5837,35018,32720,33684,33888,28667,29789,33740,37088,34160,20818
32584,12175,34322,32733,33684,33888,28667,29789,33740,37088,34160,20818
32526,19259,33671,32756,33684,33888,28667,29789,33740,37088,34160,20818
32361,22860,33180,32870,33686,33960,28660,29620,33624,37108,34360,20676
32299,25835,32829,32879,33686,33960,28660,29620,33624,37108,34360,20676
32330,29463,32528,32775,33686,33960,28660,29620,33624,37108,34360,20676
32375,30967,32263,32831,33686,33960,28660,29620,33624,37108,34360,20676
32522,34775,32365,32895,33686,33960,28660,29620,33624,37108,34360,20676
32746,35631,32203,32886,33686,33960,28660,29620,33624,37108,34360,20676
32860,31655,32355,32996,33686,33960,28660,29620,33624,37108,34360,20676
32915,30139,32223,32984,33686,33960,28660,29620,33624,37108,34360,20676
32996,31958,32419,32862,33686,33960,28660,29620,33624,37108,34360,20676
33028,33455,32465,32819,33686,33960,28660,29620,33624,37108,34360,20676
33098,33142,32423,32875,33697,34114,28636,29666,33524,37121,34500,20582
33181,33850,32598,32994,33697,34114,28636,29666,33524,37121,34500,20582
33070,34918,32574,33036,33697,34114,28636,29666,33524,37121,34500,20582
32936,60351,32579,33028,33697,34114,28636,29666,33524,37121,34500,20582
32732,59974,32498,33004,33697,34114,28636,29666,33524,37121,34500,20582
32594,35232,32664,32920,33697,34114,28636,29666,33524,37121,34500,20582
32480,12638,32484,32878,33697,34114,28636,29666,33524,37121,34500,20582
32391,23315,32645,32940,33697,34114,28636,29666,33524,37121,34500,20582
32405,26517,32489,32893,33697,34114,28636,29666,33524,37121,34500,20582
32336,29010,32599,32879,33697,34114,28636,29666,33524,37121,34500,20582
32237,31263,32551,32955,33730,34336,28616,29554,33490,37118,34668,20450
32128,32969,32357,32900,33730,34336,28616,29554,33490,37118,34668,20450
32228,32695,32548,32848,33730,34336,28616,29554,33490,37118,34668,20450
32402,30119,32439,32836,33730,34336,28616,29554,33490,37118,34668,20450
32555,30546,32601,32873,33730,34336,28616,29554,33490,37118,34668,20450
32685,32192,32455,32822,33730,34336,28616,29554,33490,37118,34668,20450
32868,33662,32677,32799,33730,34336,28616,29554,33490,37118,34668,20450
32980,34365,32551,32899,33730,34336,28616,29554,33490,37118,34668,20450
33099,34191,32827,32901,33730,34336,28616,29554,33490,37118,34668,20450
33110,33307,32817,32957,33730,34336,28616,29554,33490,37118,34668,20450
33206,32883,32809,32913,33904,34440,28530,29510,33448,37144,34776,20476
33284,33551,33037,32935,33904,34440,28530,29510,33448,37144,34776,20476
33286,33861,32804,33023,33904,34440,28530,29510,33448,37144,34776,20476
33063,33863,32946,33026,33904,34440,28530,29510,33448,37144,34776,20476
32915,34550,32848,33088,33904,34440,28530,29510,33448,37144,34776,20476
32804,34561,32718,33029,33904,34440,28530,29510,33448,37144,34776,20476
32698,34733,32886,33015,33904,34440,28530,29510,33448,37144,34776,20476
32536,33085,32749,32978,33904,34440,28530,29510,33448,37144,34776,20476
32503,30991,32893,32917,33904,34440,28530,29510,33448,37144,34776,20476
32456,31327,32827,32831,33904,34440,28530,29510,33448,37144,34776,20476
32368,33407,32646,32839,33936,34529,28426,29530,33400,37186,34940,20337
32284,35015,32727,32950,33936,34529,28426,29530,33400,37186,34940,20337
32455,33907,32524,32871,33936,34529,28426,29530,33400,37186,34940,20337
32547,33404,32679,32809,33936,34529,28426,29530,33400,37186,34940,20337
32720,33339,32670,32821,33936,34529,28426,29530,33400,37186,34940,20337
32858,33659,32510,32833,33936,34529,28426,29530,33400,37186,34940,20337
33011,33655,32716,32817,33936,34529,28426,29530,33400,37186,34940,20337
33106,32495,32769,32919,33936,34529,28426,29530,33400,37186,34940,20337
33121,31553,32695,32967,33936,34529,28426,29530,33400,37186,34940,20337
33164,31221,32952,32915,33936,34529,28426,29530,33400,37186,34940,20337
33225,32687,32797,32903,34100,34650,28232,29412,33402,37200,35208,20245
33202,33733,32857,32911,34100,34650,28232,29412,33402,37200,35208,20245
33223,33639,33025,32871,34100,34650,28232,29412,33402,37200,35208,20245
33092,33303,32804,32949,34100,34650,28232,29412,33402,37200,35208,20245
33001,33011,32981,32973,34100,34650,28232,29412,33402,37200,35208,20245
32906,33428,32861,32933,34100,34650,28232,29412,33402,37200,35208,20245
32810,33751,32668,32847,34100,34650,28232,29412,33402,37200,35208,20245
32773,32767,32863,32839,34100,34650,28232,29412,33402,37200,35208,20245
32736,32347,32685,32855,34100,34650,28232,29412,33402,37200,35208,20245
32637,32797,32782,32961,34100,34650,28232,29412,33402,37200,35208,20245
32526,32485,32699,32952,34288,34619,28208,29281,33416,37176,35202,20226
32416,32434,32466,32821,34288,34619,28208,29281,33416,37176,35202,20226
32462,32425,32665,32787,34288,34619,28208,29281,33416,37176,35202,20226
32498,33067,32545,32846,34288,34619,28208,29281,33416,37176,35202,20226
32655,33319,32645,32888,34288,34619,28208,29281,33416,37176,35202,20226
32757,32963,32597,32799,34288,34619,28208,29281,33416,37176,35202,20226
32742,32260,32749,32911,34288,34619,28208,29281,33416,37176,35202,20226
32855,32630,32811,32967,34288,34619,28208,29281,33416,37176,35202,20226
32725,32517,32685,32909,34288,34619,28208,29281,33416,37176,35202,20226
32674,32647,32871,32832,34288,34619,28208,29281,33416,37176,35202,20226
32802,32959,32735,32877,34484,34544,28132,29272,33552,37163,35296,20148
32863,33059,32984,32891,34484,34544,28132,29272,33552,37163,35296,20148
32890,33019,32831,32913,34484,34544,28132,29272,33552,37163,35296,20148
32744,32903,32999,32925,34484,34544,28132,29272,33552,37163,35296,20148
32588,32917,32847,32901,34484,34544,28132,29272,33552,37163,35296,20148
32446,32877,32879,32930,34484,34544,28132,29272,33552,37163,35296,20148
32455,32943,32755,32883,34484,34544,28132,29272,33552,37163,35296,20148
32400,32711,32827,32870,34484,34544,28132,29272,33552,37163,35296,20148
32326,32617,32682,32878,34484,34544,28132,29272,33552,37163,35296,20148
32327,32575,32711,32874,34484,34544,28132,29272,33552,37163,35296,20148
32237,32547,32601,32967,34680,34396,28040,29320,33657,37202,35196,20216
32192,32506,32675,32880,34680,34396,28040,29320,33657,37202,35196,20216
32301,32461,32557,32911,34680,34396,28040,29320,33657,37202,35196,20216
32492,32667,32634,32831,34680,34396,28040,29320,33657,37202,35196,20216
32638,32711,32587,32870,34680,34396,28040,29320,33657,37202,35196,20216
32789,32819,32712,32837,34680,34396,28040,29320,33657,37202,35196,20216
32966,33022,32765,32851,34680,34396,28040,29320,33657,37202,35196,20216
33060,33223,32603,32926,34680,34396,28040,29320,33657,37202,35196,20216
33074,33027,32881,32911,34680,34396,28040,29320,33657,37202,35196,20216
33102,32127,32673,32743,34680,34396,28040,29320,33657,37202,35196,20216
33217,31799,32911,32867,34812,34340,28012,29230,33728,37256,35096,20154
33242,31695,32765,33006,34812,34340,28012,29230,33728,37256,35096,20154
33192,31847,33031,33037,34812,34340,28012,29230,33728,37256,35096,20154
33012,34175,32825,32911,34812,34340,28012,29230,33728,37256,35096,20154
32878,35763,32867,33026,34812,34340,28012,29230,33728,37256,35096,20154
32698,34034,32883,33069,34812,34340,28012,29230,33728,37256,35096,20154
32702,31770,32673,32934,34812,34340,28012,29230,33728,37256,35096,20154
32653,33470,32805,32909,34812,34340,28012,29230,33728,37256,35096,20154
32512,35021,32603,32883,34812,34340,28012,29230,33728,37256,35096,20154
32523,33775,32746,32807,34812,34340,28012,29230,33728,37256,35096,20154
32424,30007,32500,32788,34594,34428,28197,29118,33636,37272,35008,20180
32302,29927,32580,32725,34594,34428,28197,29118,33636,37272,35008,20180
32308,31909,32600,32711,34594,34428,28197,29118,33636,37272,35008,20180
32380,32673,32500,32767,34594,34428,28197,29118,33636,37272,35008,20180
32367,33506,32643,32774,34594,34428,28197,29118,33636,37272,35008,20180
32202,32897,32525,32869,34594,34428,28197,29118,33636,37272,35008,20180
32111,32884,32755,32799,34594,34428,28197,29118,33636,37272,35008,20180
31989,32823,32613,32737,34594,34428,28197,29118,33636,37272,35008,20180
31961,32575,32879,32829,34594,34428,28197,29118,33636,37272,35008,20180
32009,32797,32729,32900,34594,34428,28197,29118,33636,37272,35008,20180
32141,33319,32991,32903,34240,34664,28292,29120,33448,37228,35067,20150
32384,33854,32819,32924,34240,34664,28292,29120,33448,37228,35067,20150
32460,33635,33027,32997,34240,34664,28292,29120,33448,37228,35067,20150
32624,31879,32880,32929,34240,34664,28292,29120,33448,37228,35067,20150
32755,31733,32945,32839,34240,34664,28292,29120,33448,37228,35067,20150
32870,32735,32863,32775,34240,34664,28292,29120,33448,37228,35067,20150
33072,33345,32747,32887,34240,34664,28292,29120,33448,37228,35067,20150
33266,33746,32833,32953,34240,34664,28292,29120,33448,37228,35067,20150
33287,33375,32583,33080,34240,34664,28292,29120,33448,37228,35067,20150
33253,31853,32743,33015,34240,34664,28292,29120,33448,37228,35067,20150
33265,30915,32555,32892,33968,34796,28488,29194,33220,37200,34984,20192
33313,31318,32611,32903,33968,34796,28488,29194,33220,37200,34984,20192
33422,32575,32646,32815,33968,34796,28488,29194,33220,37200,34984,20192
33593,32255,32527,32729,33968,34796,28488,29194,33220,37200,34984,20192
33685,32447,32677,32767,33968,34796,28488,29194,33220,37200,34984,20192
33744,33214,32711,32803,33968,34796,28488,29194,33220,37200,34984,20192
33737,33909,32702,32953,33968,34796,28488,29194,33220,37200,34984,20192
33687,33963,32722,32947,33968,34796,28488,29194,33220,37200,34984,20192
33599,33771,32839,32911,33968,34796,28488,29194,33220,37200,34984,20192
33497,32391,32829,32815,33968,34796,28488,29194,33220,37200,34984,20192
33530,32519,32989,32926,33712,34854,28557,29228,33106,37172,34874,20176
33562,32483,32805,32902,33712,34854,28557,29228,33106,37172,34874,20176
33408,32723,33013,32859,33712,34854,28557,29228,33106,37172,34874,20176
33135,32335,32842,32915,33712,34854,28557,29228,33106,37172,34874,20176
32939,31933,32935,32944,33712,34854,28557,29228,33106,37172,34874,20176
32732,32806,32674,32978,33712,34854,28557,29228,33106,37172,34874,20176
32468,32727,32845,32943,33712,34854,28557,29228,33106,37172,34874,20176
32391,33591,32762,32913,33712,34854,28557,29228,33106,37172,34874,20176
32325,33917,32666,32919,33712,34854,28557,29228,33106,37172,34874,20176
32180,32328,32764,32842,33712,34854,28557,29228,33106,37172,34874,20176
32053,31307,32485,32875,33608,34816,28666,29260,32984,37200,34714,20293
32225,31919,32647,32923,33608,34816,28666,29260,32984,37200,34714,20293
32391,32708,32381,32999,33608,34816,28666,29260,32984,37200,34714,20293
32495,32839,32550,32903,33608,34816,28666,29260,32984,37200,34714,20293
32586,33172,32481,32812,33608,34816,28666,29260,32984,37200,34714,20293
32816,33106,32711,32817,33608,34816,28666,29260,32984,37200,34714,20293
32805,33270,32604,32807,33608,34816,28666,29260,32984,37200,34714,20293
32876,33339,32783,32888,33608,34816,28666,29260,32984,37200,34714,20293
32881,33612,32815,32911,33608,34816,28666,29260,32984,37200,34714,20293
32941,33655,32711,32788,33608,34816,28666,29260,32984,37200,34714,20293
32952,32930,33039,32865,33482,34720,28728,29200,33047,37192,34512,20304
33013,32143,32927,32839,33482,34720,28728,29200,33047,37192,34512,20304
33000,32605,32895,32987,33482,34720,28728,29200,33047,37192,34512,20304
33018,32721,33080,32961,33482,34720,28728,29200,33047,37192,34512,20304
32904,32589,32895,33029,33482,34720,28728,29200,33047,37192,34512,20304
32772,32751,32963,32944,33482,34720,28728,29200,33047,37192,34512,20304
32632,32879,32925,32937,33482,34720,28728,29200,33047,37192,34512,20304
32485,33046,32731,32938,33482,34720,28728,29200,33047,37192,34512,20304
32467,32793,32804,32927,33482,34720,28728,29200,33047,37192,34512,20304
32457,32098,32673,32900,33482,34720,28728,29200,33047,37192,34512,20304
32242,31950,32470,32869,33418,34552,28792,29248,33064,37236,34392,20308
32203,32487,32603,32770,33418,34552,28792,29248,33064,37236,34392,20308
32247,32306,32493,32767,33418,34552,28792,29248,33064,37236,34392,20308
32361,32519,32543,32850,33418,34552,28792,29248,33064,37236,34392,20308
32544,32866,32652,32890,33418,34552,28792,29248,33064,37236,34392,20308
32646,32443,32503,32844,33418,34552,28792,29248,33064,37236,34392,20308
32735,32756,32797,32892,33418,34552,28792,29248,33064,37236,34392,20308
32775,33094,32711,32873,33418,34552,28792,29248,33064,37236,34392,20308
32799,32932,32866,32898,33418,34552,28792,29248,33064,37236,34392,20308
32807,32787,32957,32867,33418,34552,28792,29248,33064,37236,34392,20308
33024,33202,32802,32875,33396,34380,28785,29148,33141,37278,34240,20352
33068,33911,33027,32847,33396,34380,28785,29148,33141,37278,34240,20352
33033,33714,33008,32883,33396,34380,28785,29148,33141,37278,34240,20352
32931,33147,32990,32954,33396,34380,28785,29148,33141,37278,34240,20352
32827,33039,33031,32993,33396,34380,28785,29148,33141,37278,34240,20352
32698,32173,32707,33011,33396,34380,28785,29148,33141,37278,34240,20352
32660,31751,32919,32941,33396,34380,28785,29148,33141,37278,34240,20352
32590,32293,32925,32919,33396,34380,28785,29148,33141,37278,34240,20352
32498,32391,32687,32887,33396,34380,28785,29148,33141,37278,34240,20352
32436,32509,32726,32893,33396,34380,28785,29148,33141,37278,34240,20352
32385,32765,32701,32942,33372,34281,28800,29276,33204,37236,34196,20357
32285,32742,32489,32887,33372,34281,28800,29276,33204,37236,34196,20357
32313,32495,32615,32852,33372,34281,28800,29276,33204,37236,34196,20357
32424,32555,32558,32879,33372,34281,28800,29276,33204,37236,34196,20357
32626,32803,32492,32760,33372,34281,28800,29276,33204,37236,34196,20357
32810,32939,32655,32821,33372,34281,28800,29276,33204,37236,34196,20357
32890,32930,32594,32898,33372,34281,28800,29276,33204,37236,34196,20357
32974,33650,32842,32871,33372,34281,28800,29276,33204,37236,34196,20357
33095,33583,32931,32795,33372,34281,28800,29276,33204,37236,34196,20357
33188,32873,32759,32876,33372,34281,28800,29276,33204,37236,34196,20357
33189,33151,32959,32903,33386,34184,28796,29313,33284,37210,34176,20404
33365,32299,32820,32886,33386,34184,28796,29313,33284,37210,34176,20404
33395,30636,33095,32957,33386,34184,28796,29313,33284,37210,34176,20404
33229,31361,32908,32941,33386,34184,28796,29313,33284,37210,34176,20404
33132,32527,33011,33021,33386,34184,28796,29313,33284,37210,34176,20404
32903,33637,32844,33054,33386,34184,28796,29313,33284,37210,34176,20404
32704,33362,32928,32973,33386,34184,28796,29313,33284,37210,34176,20404
32457,32805,32813,32919,33386,34184,28796,29313,33284,37210,34176,20404
32477,33850,32707,32953,33386,34184,28796,29313,33284,37210,34176,20404
32906,34642,32852,33051,33386,34184,28796,29313,33284,37210,34176,20404
33053,34151,32611,32876,33520,34136,28804,29280,33372,37156,34168,20444
33124,32867,32718,32807,33520,34136,28804,29280,33372,37156,34168,20444
33183,31183,32463,32755,33520,34136,28804,29280,33372,37156,34168,20444
33204,32185,32575,32789,33520,34136,28804,29280,33372,37156,34168,20444
33073,32820,32647,32843,33520,34136,28804,29280,33372,37156,34168,20444
32936,30559,32604,32892,33520,34136,28804,29280,33372,37156,34168,20444
32773,31943,32821,32751,33520,34136,28804,29280,33372,37156,34168,20444
31416,33355,32598,32903,33520,34136,28804,29280,33372,37156,34168,20444
29647,32164,32784,33004,33520,34136,28804,29280,33372,37156,34168,20444
32912,31363,32850,32903,33520,34136,28804,29280,33372,37156,34168,20444
33362,34040,32787,32784,33644,34075,28776,29312,33480,37160,34084,20488
31334,34429,32952,32886,33644,34075,28776,29312,33480,37160,34084,20488
31588,34769,32978,33050,33644,34075,28776,29312,33480,37160,34084,20488
32921,34332,32772,33135,33644,34075,28776,29312,33480,37160,34084,20488
33300,33077,32915,33003,33644,34075,28776,29312,33480,37160,34084,20488
32572,32130,32701,32843,33644,34075,28776,29312,33480,37160,34084,20488
32142,32005,32719,32869,33644,34075,28776,29312,33480,37160,34084,20488
32468,32927,32740,32899,33644,34075,28776,29312,33480,37160,34084,20488
33106,32159,32582,32897,33644,34075,28776,29312,33480,37160,34084,20488
32786,31543,32669,32848,33644,34075,28776,29312,33480,37160,34084,20488
31977,32349,32775,32879,33768,33976,28716,29234,33576,37161,34080,20464
32279,32887,32506,32870,33768,33976,28716,29234,33576,37161,34080,20464
27772,31886,24026,32841,33768,33976,28716,29234,33576,37161,34080,20464
28521,31294,29415,32887,33768,33976,28716,29234,33576,37161,34080,20464
29988,31543,33108,32895,33768,33976,28716,29234,33576,37161,34080,20464
31111,32421,34599,32854,33768,33976,28716,29234,33576,37161,34080,20464
32004,32840,38437,30790,33768,33976,28716,29234,33576,37161,34080,20464
37062,33151,34804,33260,33768,33976,28716,29234,33576,37161,34080,20464
35556,33125,34529,33027,33768,33976,28716,29234,33576,37161,34080,20464
35561,32547,34088,32944,33768,33976,28716,29234,33576,37161,34080,20464
35286,31743,33741,32890,33920,33880,28706,29284,33672,37156,33944,20460
34748,31951,33639,32935,33920,33880,28706,29284,33672,37156,33944,20460
34533,33137,33275,32936,33920,33880,28706,29284,33672,37156,33944,20460
34548,36911,33147,33086,33920,33880,28706,29284,33672,37156,33944,20460
34124,34908,33102,33138,33920,33880,28706,29284,33672,37156,33944,20460
33729,33874,32983,32998,33920,33880,28706,29284,33672,37156,33944,20460
33511,32998,32747,32879,33920,33880,28706,29284,33672,37156,33944,20460
33201,32071,32881,32885,33920,33880,28706,29284,33672,37156,33944,20460
32708,32178,32646,32915,33920,33880,28706,29284,33672,37156,33944,20460
32586,32023,32493,32881,33920,33880,28706,29284,33672,37156,33944,20460
32580,32555,32516,32911,34017,33761,28632,29124,33747,37216,33744,20496
32364,32739,32351,32839,34017,33761,28632,29124,33747,37216,33744,20496
29156,32576,27645,32696,34017,33761,28632,29124,33747,37216,33744,20496
27447,32703,32689,32745,34017,33761,28632,29124,33747,37216,33744,20496
30578,32602,35304,31357,34017,33761,28632,29124,33747,37216,33744,20496
35564,32916,33281,33014,34017,33761,28632,29124,33747,37216,33744,20496
34298,31762,33078,33042,34017,33761,28632,29124,33747,37216,33744,20496
34118,29671,32837,32999,34017,33761,28632,29124,33747,37216,33744,20496
33952,31431,32805,32954,34017,33761,28632,29124,33747,37216,33744,20496
33736,33531,32933,32961,34017,33761,28632,29124,33747,37216,33744,20496
33594,34191,32711,33044,34148,33624,28520,29158,33744,37148,33800,20564
33420,34229,32886,33155,34148,33624,28520,29158,33744,37148,33800,20564
33224,33274,32903,33047,34148,33624,28520,29158,33744,37148,33800,20564
33028,32746,32805,32955,34148,33624,28520,29158,33744,37148,33800,20564
32801,33095,32890,32943,34148,33624,28520,29158,33744,37148,33800,20564
32605,32965,32699,32982,34148,33624,28520,29158,33744,37148,33800,20564
32405,32883,32817,32950,34148,33624,28520,29158,33744,37148,33800,20564
32367,32547,32703,32917,34148,33624,28520,29158,33744,37148,33800,20564
32185,32867,32677,32911,34148,33624,28520,29158,33744,37148,33800,20564
32146,32560,32687,32893,34148,33624,28520,29158,33744,37148,33800,20564
32289,32345,32547,32812,34212,33538,28464,29156,33776,37128,33916,20468
32260,32447,32513,32807,34212,33538,28464,29156,33776,37128,33916,20468
32240,32711,32427,32865,34212,33538,28464,29156,33776,37128,33916,20468
32342,32720,32587,32823,34212,33538,28464,29156,33776,37128,33916,20468
32644,32873,32503,32750,34212,33538,28464,29156,33776,37128,33916,20468
32756,33083,32677,32775,34212,33538,28464,29156,33776,37128,33916,20468
32964,33229,32570,32837,34212,33538,28464,29156,33776,37128,33916,20468
33121,32837,32875,32799,34212,33538,28464,29156,33776,37128,33916,20468
33122,32405,32626,32831,34212,33538,28464,29156,33776,37128,33916,20468
33149,32647,32921,32859,34212,33538,28464,29156,33776,37128,33916,20468
33197,32794,32827,32827,34258,33536,28495,29220,33712,37128,33932,20453
33221,32554,32999,32875,34258,33536,28495,29220,33712,37128,33932,20453
33102,32551,32772,32947,34258,33536,28495,29220,33712,37128,33932,20453
32869,33215,32955,33037,34258,33536,28495,29220,33712,37128,33932,20453
32769,33106,32813,33005,34258,33536,28495,29220,33712,37128,33932,20453
32672,32791,32889,32941,34258,33536,28495,29220,33712,37128,33932,20453
32505,32857,32727,32860,34258,33536,28495,29220,33712,37128,33932,20453
32425,32331,32829,32799,34258,33536,28495,29220,33712,37128,33932,20453
32318,32869,32759,32804,34258,33536,28495,29220,33712,37128,33932,20453
32213,33325,32545,32783,34258,33536,28495,29220,33712,37128,33932,20453
32109,32860,32641,32917,34276,33584,28498,29125,33740,37121,33956,20462
32135,31550,32457,33225,34276,33584,28498,29125,33740,37121,33956,20462
32340,32135,32676,33115,34276,33584,28498,29125,33740,37121,33956,20462
32534,32721,32587,32798,34276,33584,28498,29125,33740,37121,33956,20462
32700,33228,32507,32853,34276,33584,28498,29125,33740,37121,33956,20462
32804,32675,32724,32831,34276,33584,28498,29125,33740,37121,33956,20462
32947,32183,32590,32837,34276,33584,28498,29125,33740,37121,33956,20462
33069,32631,32775,32782,34276,33584,28498,29125,33740,37121,33956,20462
33116,32811,32740,32765,34276,33584,28498,29125,33740,37121,33956,20462
33124,32322,32775,32850,34276,33584,28498,29125,33740,37121,33956,20462
33052,32228,32900,32865,34368,33689,28440,29144,33772,37121,34018,20435
33076,32711,32839,32891,34368,33689,28440,29144,33772,37121,34018,20435
33108,33496,33060,32991,34368,33689,28440,29144,33772,37121,34018,20435
32876,33863,32880,32973,34368,33689,28440,29144,33772,37121,34018,20435
32701,33535,32983,32992,34368,33689,28440,29144,33772,37121,34018,20435
32605,32829,32699,32956,34368,33689,28440,29144,33772,37121,34018,20435
32510,32242,32815,32877,34368,33689,28440,29144,33772,37121,34018,20435
32440,32477,32693,32912,34368,33689,28440,29144,33772,37121,34018,20435
32406,32383,32595,32914,34368,33689,28440,29144,33772,37121,34018,20435
32332,32583,32723,32884,34368,33689,28440,29144,33772,37121,34018,20435
32240,32830,32571,32929,34424,33860,28501,29164,33810,37136,34148,20476
28226,32881,24695,32573,34424,33860,28501,29164,33810,37136,34148,20476
27365,33569,27614,32551,34424,33860,28501,29164,33810,37136,34148,20476
29036,33887,31914,32666,34424,33860,28501,29164,33810,37136,34148,20476
30404,32606,36180,32658,34424,33860,28501,29164,33810,37136,34148,20476
31465,31847,37615,32295,34424,33860,28501,29164,33810,37136,34148,20476
38136,32631,35124,33106,34424,33860,28501,29164,33810,37136,34148,20476
35704,32177,34100,33168,34424,33860,28501,29164,33810,37136,34148,20476
35353,32047,33815,33145,34424,33860,28501,29164,33810,37136,34148,20476
35170,32835,33543,33077,34424,33860,28501,29164,33810,37136,34148,20476
34822,33361,33448,32962,34474,33996,28490,29080,33818,37144,34274,20465
34549,32401,33187,32996,34474,33996,28490,29080,33818,37144,34274,20465
34178,32047,33095,33012,34474,33996,28490,29080,33818,37144,34274,20465
33856,32913,33091,32970,34474,33996,28490,29080,33818,37144,34274,20465
33457,33183,32986,32927,34474,33996,28490,29080,33818,37144,34274,20465
33173,33501,32789,32964,34474,33996,28490,29080,33818,37144,34274,20465
33010,32383,32815,33036,34474,33996,28490,29080,33818,37144,34274,20465
32824,32189,32583,32901,34474,33996,28490,29080,33818,37144,34274,20465
32688,32749,32676,32829,34474,33996,28490,29080,33818,37144,34274,20465
32615,32883,32577,32875,34474,33996,28490,29080,33818,37144,34274,20465
32453,32861,32461,32912,34486,34148,28488,29040,33816,37144,34310,20380
32392,32873,32519,32863,34486,34148,28488,29040,33816,37144,34310,20380
31885,32429,31815,32804,34486,34148,28488,29040,33816,37144,34310,20380
27566,32130,30409,32506,34486,34148,28488,29040,33816,37144,34310,20380
28779,32444,35389,31342,34486,34148,28488,29040,33816,37144,34310,20380
35108,32620,33722,33005,34486,34148,28488,29040,33816,37144,34310,20380
35034,33961,32896,33294,34486,34148,28488,29040,33816,37144,34310,20380
34336,33309,33011,33196,34486,34148,28488,29040,33816,37144,34310,20380
34144,32899,32753,33117,34486,34148,28488,29040,33816,37144,34310,20380
33938,32812,32982,33047,34486,34148,28488,29040,33816,37144,34310,20380
33812,32657,32914,32978,34462,34176,28480,28993,33796,37177,34392,20384
33741,32595,32807,32922,34462,34176,28480,28993,33796,37177,34392,20384
33555,32882,32929,32967,34462,34176,28480,28993,33796,37177,34392,20384
33333,33263,32813,33012,34462,34176,28480,28993,33796,37177,34392,20384
33084,32674,32888,33053,34462,34176,28480,28993,33796,37177,34392,20384
32899,32125,32775,32936,34462,34176,28480,28993,33796,37177,34392,20384
32709,32031,32839,32832,34462,34176,28480,28993,33796,37177,34392,20384
32641,34097,32642,32813,34462,34176,28480,28993,33796,37177,34392,20384
32488,34869,32733,32914,34462,34176,28480,28993,33796,37177,34392,20384
32428,33388,32592,32834,34462,34176,28480,28993,33796,37177,34392,20384
32263,31974,32535,32873,34434,34218,28482,29052,33768,37190,34388,20373
32199,32199,32662,32871,34434,34218,28482,29052,33768,37190,34388,20373
32286,32759,32455,32879,34434,34218,28482,29052,33768,37190,34388,20373
32462,32089,32632,32808,34434,34218,28482,29052,33768,37190,34388,20373
32647,32037,32467,32795,34434,34218,28482,29052,33768,37190,34388,20373
32692,31774,32701,32815,34434,34218,28482,29052,33768,37190,34388,20373
32799,31724,32623,32864,34434,34218,28482,29052,33768,37190,34388,20373
32844,32549,32759,32882,34434,34218,28482,29052,33768,37190,34388,20373
32888,32845,32743,32939,34434,34218,28482,29052,33768,37190,34388,20373
32858,32949,32700,32987,34434,34218,28482,29052,33768,37190,34388,20373
32937,33190,32928,32883,34366,34240,28544,28960,33752,37213,34400,20324
33030,33263,32797,32903,34366,34240,28544,28960,33752,37213,34400,20324
32936,33235,32915,32903,34366,34240,28544,28960,33752,37213,34400,20324
32768,33031,32936,32900,34366,34240,28544,28960,33752,37213,34400,20324
32696,32963,32791,32946,34366,34240,28544,28960,33752,37213,34400,20324
32617,32927,32947,32890,34366,34240,28544,28960,33752,37213,34400,20324
32583,32786,32663,32903,34366,34240,28544,28960,33752,37213,34400,20324
32482,32705,32749,32881,34366,34240,28544,28960,33752,37213,34400,20324
32435,32474,32823,32873,34366,34240,28544,28960,33752,37213,34400,20324
32391,32231,32583,32911,34366,34240,28544,28960,33752,37213,34400,20324
32309,32308,32719,32897,34284,34240,28572,29120,33780,37196,34436,20321
32305,32355,32687,32819,34284,34240,28572,29120,33780,37196,34436,20321
32388,32187,32530,32795,34284,34240,28572,29120,33780,37196,34436,20321
32536,32375,32743,32743,34284,34240,28572,29120,33780,37196,34436,20321
32680,32807,32623,32802,34284,34240,28572,29120,33780,37196,34436,20321
32812,33159,32647,32877,34284,34240,28572,29120,33780,37196,34436,20321
32805,33682,32813,32875,34284,34240,28572,29120,33780,37196,34436,20321
32840,33220,32762,32867,34284,34240,28572,29120,33780,37196,34436,20321
33025,32882,32679,32903,34284,34240,28572,29120,33780,37196,34436,20321
33046,33240,32895,32900,34284,34240,28572,29120,33780,37196,34436,20321
33065,33629,32958,32890,34264,34168,28553,29074,33800,37145,34506,20270
33041,33437,32839,32927,34264,34168,28553,29074,33800,37145,34506,20270
33016,32402,32887,33111,34264,34168,28553,29074,33800,37145,34506,20270
32888,32479,32975,33018,34264,34168,28553,29074,33800,37145,34506,20270
32729,32357,32975,33057,34264,34168,28553,29074,33800,37145,34506,20270
32647,32257,32787,32979,34264,34168,28553,29074,33800,37145,34506,20270
32530,32495,32741,32863,34264,34168,28553,29074,33800,37145,34506,20270
32457,32533,32775,32875,34264,34168,28553,29074,33800,37145,34506,20270
32448,32469,32659,32867,34264,34168,28553,29074,33800,37145,34506,20270
32420,32545,32530,32829,34264,34168,28553,29074,33800,37145,34506,20270
32292,32799,32647,32839,34226,34138,28530,28974,33872,37153,34537,20354
32306,33085,32620,32861,34226,34138,28530,28974,33872,37153,34537,20354
32306,33177,32383,32877,34226,34138,28530,28974,33872,37153,34537,20354
32481,32583,32580,32732,34226,34138,28530,28974,33872,37153,34537,20354
32633,32572,32687,32727,34226,34138,28530,28974,33872,37153,34537,20354
32742,31833,32586,32836,34226,34138,28530,28974,33872,37153,34537,20354
32835,31642,32603,32891,34226,34138,28530,28974,33872,37153,34537,20354
32923,32528,32791,32919,34226,34138,28530,28974,33872,37153,34537,20354
32942,32615,32707,32884,34226,34138,28530,28974,33872,37153,34537,20354
32997,32694,32767,32903,34226,34138,28530,28974,33872,37153,34537,20354
32984,33106,32945,32886,34212,34139,28522,28988,33896,37136,34664,20296
33051,34311,32895,32865,34212,34139,28522,28988,33896,37136,34664,20296
33024,33639,32767,32918,34212,34139,28522,28988,33896,37136,34664,20296
32912,33113,32795,32885,34212,34139,28522,28988,33896,37136,34664,20296
32820,33119,32964,32879,34212,34139,28522,28988,33896,37136,34664,20296
27372,32892,28119,32645,34212,34139,28522,28988,33896,37136,34664,20296
28198,32671,29039,32598,34212,34139,28522,28988,33896,37136,34664,20296
29700,33283,29522,32743,34212,34139,28522,28988,33896,37136,34664,20296
30880,33695,29831,32848,34212,34139,28522,28988,33896,37136,34664,20296
31768,32985,29239,32829,34212,34139,28522,28988,33896,37136,34664,20296
32445,33004,28789,32903,34208,34186,28580,28934,33932,37096,34712,20311
32928,32843,29307,32815,34208,34186,28580,28934,33932,37096,34712,20311
33230,32771,32445,32901,34208,34186,28580,28934,33932,37096,34712,20311
33458,30607,35243,32967,34208,34186,28580,28934,33932,37096,34712,20311
33645,30098,37861,32868,34208,34186,28580,28934,33932,37096,34712,20311
33716,31967,37040,32877,34208,34186,28580,28934,33932,37096,34712,20311
33765,32711,37921,32855,34208,34186,28580,28934,33932,37096,34712,20311
33728,32836,39528,31407,34208,34186,28580,28934,33932,37096,34712,20311
37748,32856,38658,33053,34208,34186,28580,28934,33932,37096,34712,20311
36212,33415,35942,33415,34208,34186,28580,28934,33932,37096,34712,20311
35628,33733,34839,33333,34200,34264,28580,28992,33864,37100,34744,20307
35298,33127,34148,33267,34200,34264,28580,28992,33864,37100,34744,20307
34857,32382,33831,33113,34200,34264,28580,28992,33864,37100,34744,20307
34308,32107,33447,33093,34200,34264,28580,28992,33864,37100,34744,20307
33829,32655,32949,32989,34200,34264,28580,28992,33864,37100,34744,20307
33497,33611,32687,32983,34200,34264,28580,28992,33864,37100,34744,20307
33232,33445,32642,32949,34200,34264,28580,28992,33864,37100,34744,20307
32992,32598,32366,32879,34200,34264,28580,28992,33864,37100,34744,20307
32864,32343,32277,32877,34200,34264,28580,28992,33864,37100,34744,20307
32688,32617,32255,32848,34200,34264,28580,28992,33864,37100,34744,20307
32526,32711,32180,32848,34212,34341,28610,29076,33781,37140,34702,20322
